		state.generation += 1;
		state.activeTaskIds.clear();
		state.draining = false;
		if (state.queue.length > 0) lanesToDrain.push(state.lane);
	}
	for (const lane of lanesToDrain) drainLane(lane);
}
/**
* Returns the total number of actively executing tasks across all lanes
* (excludes queued-but-not-started entries).
*/
function getActiveTaskCount() {
	const queueState = getQueueState();
	let total = 0;
	for (const s of queueState.lanes.values()) total += s.activeTaskIds.size;
	return total;
}
/**
* Wait for all currently active tasks across all lanes to finish.
* Polls at a short interval; resolves when no tasks are active or
* when `timeoutMs` elapses (whichever comes first).
*
* New tasks enqueued after this call are ignored — only tasks that are
* already executing are waited on.
*/
function waitForActiveTasks(timeoutMs) {
	const POLL_INTERVAL_MS = 50;
	const deadline = Date.now() + timeoutMs;
	const queueState = getQueueState();
	const activeAtStart = /* @__PURE__ */ new Set();
	for (const state of queueState.lanes.values()) for (const taskId of state.activeTaskIds) activeAtStart.add(taskId);
	return new Promise((resolve) => {
		const check = () => {
			if (activeAtStart.size === 0) {
				resolve({ drained: true });
				return;
			}
			let hasPending = false;
			for (const state of queueState.lanes.values()) {
				for (const taskId of state.activeTaskIds) if (activeAtStart.has(taskId)) {
					hasPending = true;
					break;
				}
				if (hasPending) break;
			}
			if (!hasPending) {
				resolve({ drained: true });
				return;
--
	return new Set(Array.from(names ?? [], (name) => name.trim().toLowerCase()).filter(Boolean));
}
function buildSafeToolName(params) {
	const cleanedToolName = sanitizeToolName(params.toolName);
	const maxToolChars = Math.max(1, TOOL_NAME_MAX_TOTAL - params.serverName.length - 2);
	const truncatedToolName = cleanedToolName.slice(0, maxToolChars);
	let candidateToolName = truncatedToolName || "tool";
	let candidate = `${params.serverName}__${candidateToolName}`;
	let n = 2;
	while (params.reservedNames.has(candidate.toLowerCase())) {
		const suffix = `-${n}`;
		candidateToolName = `${(truncatedToolName || "tool").slice(0, Math.max(1, maxToolChars - suffix.length))}${suffix}`;
		candidate = `${params.serverName}__${candidateToolName}`;
		n += 1;
	}
	return candidate;
}
//#endregion
//#region src/agents/pi-bundle-mcp-runtime.ts
const SESSION_MCP_RUNTIME_MANAGER_KEY = Symbol.for("openclaw.sessionMcpRuntimeManager");
function connectWithTimeout(client, transport, timeoutMs) {
	return new Promise((resolve, reject) => {
		const timer = setTimeout(() => reject(/* @__PURE__ */ new Error(`MCP server connection timed out after ${timeoutMs}ms`)), timeoutMs);
		client.connect(transport).then((value) => {
			clearTimeout(timer);
			resolve(value);
		}, (error) => {
			clearTimeout(timer);
			reject(error);
		});
	});
}
function redactErrorUrls(error) {
	return redactSensitiveUrlLikeString(String(error));
}
async function listAllTools(client) {
	const tools = [];
	let cursor;
	do {
		const page = await client.listTools(cursor ? { cursor } : void 0);
		tools.push(...page.tools);
		cursor = page.nextCursor;
	} while (cursor);
--
		const startedAtMs = Date.now();
		const record = {
			runId,
			sessionId: input.sessionId,
			backendId: input.backendId,
			scopeKey: input.scopeKey?.trim() || void 0,
			state: "starting",
			startedAtMs,
			lastOutputAtMs: startedAtMs,
			createdAtMs: startedAtMs,
			updatedAtMs: startedAtMs
		};
		registry.add(record);
		let forcedReason = null;
		let settled = false;
		let stdout = "";
		let stderr = "";
		let timeoutTimer = null;
		let noOutputTimer = null;
		const captureOutput = input.captureOutput !== false;
		const overallTimeoutMs = clampTimeout(input.timeoutMs);
		const noOutputTimeoutMs = clampTimeout(input.noOutputTimeoutMs);
		const setForcedReason = (reason) => {
			if (forcedReason) return;
			forcedReason = reason;
			registry.updateState(runId, "exiting", { terminationReason: reason });
		};
		let cancelAdapter = null;
		const requestCancel = (reason) => {
			setForcedReason(reason);
			cancelAdapter?.(reason);
		};
		const touchOutput = () => {
			registry.touchOutput(runId);
			if (!noOutputTimeoutMs || settled) return;
			if (noOutputTimer) clearTimeout(noOutputTimer);
			noOutputTimer = setTimeout(() => {
				requestCancel("no-output-timeout");
			}, noOutputTimeoutMs);
		};
		try {
--
			}
		});
	};
	const handleStdout = (data) => {
		const raw = data.toString();
		const mode = detectCursorKeyMode(raw);
		if (mode) session.cursorKeyMode = mode;
		const str = sanitizeBinaryOutput(raw);
		for (const chunk of chunkString(str)) {
			appendOutput(session, "stdout", chunk);
			emitUpdate();
		}
	};
	const handleStderr = (data) => {
		const str = sanitizeBinaryOutput(data.toString());
		for (const chunk of chunkString(str)) {
			appendOutput(session, "stderr", chunk);
			emitUpdate();
		}
	};
	const timeoutMs = typeof opts.timeoutSec === "number" && opts.timeoutSec > 0 ? Math.floor(opts.timeoutSec * 1e3) : void 0;
	let sandboxFinalizeToken;
	const spawnSpec = await (async () => {
		if (opts.sandbox) {
			const backendExecSpec = await opts.sandbox.buildExecSpec?.({
				command: execCommand,
				workdir: opts.containerWorkdir ?? opts.sandbox.containerWorkdir,
				env: shellRuntimeEnv,
				usePty: opts.usePty
			});
			sandboxFinalizeToken = backendExecSpec?.finalizeToken;
			return {
				mode: "child",
				argv: backendExecSpec?.argv ?? ["docker", ...buildDockerExecArgs({
					containerName: opts.sandbox.containerName,
					command: execCommand,
					workdir: opts.containerWorkdir ?? opts.sandbox.containerWorkdir,
					env: shellRuntimeEnv,
					tty: opts.usePty
				})],
				env: backendExecSpec?.env ?? process.env,
--
	let managedRun = null;
	let usingPty = spawnSpec.mode === "pty";
	const cursorResponse = buildCursorPositionResponse();
	const onSupervisorStdout = (chunk) => {
		if (usingPty) {
			const { cleaned, requests } = stripDsrRequests(chunk);
			if (requests > 0 && managedRun?.stdin) for (let i = 0; i < requests; i += 1) managedRun.stdin.write(cursorResponse);
			handleStdout(cleaned);
			return;
		}
		handleStdout(chunk);
	};
	try {
		const spawnBase = {
			runId: sessionId,
			sessionId: opts.sessionKey?.trim() || sessionId,
			backendId: opts.sandbox ? "exec-sandbox" : "exec-host",
			scopeKey: opts.scopeKey,
			cwd: opts.workdir,
			env: spawnSpec.env,
			timeoutMs,
			captureOutput: false,
			onStdout: onSupervisorStdout,
			onStderr: handleStderr
		};
		managedRun = spawnSpec.mode === "pty" ? await supervisor.spawn({
			...spawnBase,
			mode: "pty",
			ptyCommand: spawnSpec.ptyCommand
		}) : await supervisor.spawn({
			...spawnBase,
			mode: "child",
			argv: spawnSpec.argv,
			stdinMode: spawnSpec.stdinMode
		});
	} catch (err) {
		if (spawnSpec.mode === "pty") {
			const warning = `Warning: PTY spawn failed (${String(err)}); retrying without PTY for \`${opts.command}\`.`;
			logWarn(`exec: PTY spawn failed (${String(err)}); retrying without PTY for "${opts.command}".`);
			opts.warnings.push(warning);
			usingPty = false;
			try {
				managedRun = await supervisor.spawn({
					runId: sessionId,
					sessionId: opts.sessionKey?.trim() || sessionId,
					backendId: "exec-host",
					scopeKey: opts.scopeKey,
					mode: "child",
					argv: spawnSpec.childFallbackArgv,
					cwd: opts.workdir,
					env: spawnSpec.env,
					stdinMode: "pipe-open",
					timeoutMs,
					captureOutput: false,
					onStdout: handleStdout,
					onStderr: handleStderr
				});
			} catch (retryErr) {
				markExited(session, null, null, "failed");
				maybeNotifyOnExit(session, "failed");
				throw retryErr;
			}
		} else {
			markExited(session, null, null, "failed");
			maybeNotifyOnExit(session, "failed");
			throw err;
		}
	}
	session.stdin = managedRun.stdin;
	session.pid = managedRun.pid;
	const promise = managedRun.wait().then(async (exit) => {
		const durationMs = Date.now() - startedAt;
		const outcome = buildExecExitOutcome({
--
//#region src/agents/bash-tools.exec-approval-request.ts
function buildExecApprovalRequestToolParams(params) {
	return {
		id: params.id,
		...params.command ? { command: params.command } : {},
		...params.commandArgv ? { commandArgv: params.commandArgv } : {},
		systemRunPlan: params.systemRunPlan,
		env: params.env,
		cwd: params.cwd,
		nodeId: params.nodeId,
		host: params.host,
		security: params.security,
		ask: params.ask,
		agentId: params.agentId,
		resolvedPath: params.resolvedPath,
		sessionKey: params.sessionKey,
		turnSourceChannel: params.turnSourceChannel,
		turnSourceTo: params.turnSourceTo,
		turnSourceAccountId: params.turnSourceAccountId,
		turnSourceThreadId: params.turnSourceThreadId,
		timeoutMs: DEFAULT_APPROVAL_TIMEOUT_MS,
		twoPhase: true
	};
}
function parseDecision(value) {
	if (!value || typeof value !== "object") return {
		present: false,
		value: null
	};
	if (!Object.hasOwn(value, "decision")) return {
		present: false,
		value: null
	};
	const decision = value.decision;
	return {
		present: true,
		value: typeof decision === "string" ? decision : null
	};
}
function parseString(value) {
	return typeof value === "string" && value.trim().length > 0 ? value.trim() : void 0;
}
function parseExpiresAtMs(value) {
	return typeof value === "number" && Number.isFinite(value) ? value : void 0;
}
async function registerExecApprovalRequest(params) {
	const registrationResult = await callGatewayTool("exec.approval.request", { timeoutMs: DEFAULT_APPROVAL_REQUEST_TIMEOUT_MS }, buildExecApprovalRequestToolParams(params), { expectFinal: false });
	const decision = parseDecision(registrationResult);
	const id = parseString(registrationResult?.id) ?? params.id;
	const expiresAtMs = parseExpiresAtMs(registrationResult?.expiresAtMs) ?? Date.now() + DEFAULT_APPROVAL_TIMEOUT_MS;
	if (decision.present) return {
		id,
		expiresAtMs,
		finalDecision: decision.value
	};
	return {
		id,
		expiresAtMs
	};
}
async function waitForExecApprovalDecision(id) {
	try {
		return parseDecision(await callGatewayTool("exec.approval.waitDecision", { timeoutMs: DEFAULT_APPROVAL_REQUEST_TIMEOUT_MS }, { id })).value;
	} catch (err) {
		if (String(err).toLowerCase().includes("approval expired or not found")) return null;
		throw err;
	}
}
async function resolveRegisteredExecApprovalDecision(params) {
	if (params.preResolvedDecision !== void 0) return params.preResolvedDecision ?? null;
	return await waitForExecApprovalDecision(params.approvalId);
}
function buildExecApprovalRequesterContext(params) {
	return {
		agentId: params.agentId,
		sessionKey: params.sessionKey
	};
}
function buildExecApprovalTurnSourceContext(params) {
	return {
		turnSourceChannel: params.turnSourceChannel,
		turnSourceTo: params.turnSourceTo,
		turnSourceAccountId: params.turnSourceAccountId,
--
	const sessionOnlyOriginChannel = normalizedTurnSourceChannel && isGatewayMessageChannel(normalizedTurnSourceChannel) ? normalizedTurnSourceChannel : void 0;
	if (deliveryTarget.deliver) {
		const requesterAgentId = sessionKey ? parseAgentSessionKey(sessionKey)?.agentId : void 0;
		await sendMessage({
			channel: deliveryTarget.channel,
			to: deliveryTarget.to ?? "",
			accountId: deliveryTarget.accountId,
			threadId: deliveryTarget.threadId,
			content: resultText,
			agentId: requesterAgentId,
			idempotencyKey: `exec-approval-followup:${params.approvalId}`,
			mirror: sessionKey ? {
				sessionKey,
				agentId: requesterAgentId,
				idempotencyKey: `exec-approval-followup:${params.approvalId}`
			} : void 0
		});
		return true;
	}
	if (!sessionKey) throw new Error("Session key or deliverable origin route is required");
	await callGatewayTool("agent", { timeoutMs: 6e4 }, {
		sessionKey,
		message: buildExecApprovalFollowupPrompt(resultText),
		deliver: deliveryTarget.deliver,
		...deliveryTarget.deliver ? { bestEffortDeliver: true } : {},
		channel: deliveryTarget.deliver ? deliveryTarget.channel : sessionOnlyOriginChannel,
		to: deliveryTarget.deliver ? deliveryTarget.to : sessionOnlyOriginChannel ? params.turnSourceTo : void 0,
		accountId: deliveryTarget.deliver ? deliveryTarget.accountId : sessionOnlyOriginChannel ? params.turnSourceAccountId : void 0,
		threadId: deliveryTarget.deliver ? deliveryTarget.threadId : sessionOnlyOriginChannel ? params.turnSourceThreadId : void 0,
		idempotencyKey: `exec-approval-followup:${params.approvalId}`
	}, { expectFinal: true });
	return true;
}
const loggedExecApprovalFollowupFailures = /* @__PURE__ */ new Set();
function rememberExecApprovalFollowupFailureKey(key) {
	if (loggedExecApprovalFollowupFailures.has(key)) return false;
	loggedExecApprovalFollowupFailures.add(key);
	if (loggedExecApprovalFollowupFailures.size > 256) {
		const oldestKey = loggedExecApprovalFollowupFailures.values().next().value;
		if (typeof oldestKey === "string") loggedExecApprovalFollowupFailures.delete(oldestKey);
	}
	return true;
}
function createExecApprovalPendingState(params) {
	return {
		warningText: params.warnings.length ? `${params.warnings.join("\n")}\n\n` : "",
		expiresAtMs: Date.now() + params.timeoutMs,
		preResolvedDecision: void 0
	};
}
function createExecApprovalRequestState(params) {
	return {
		...createExecApprovalPendingState({
			warnings: params.warnings,
			timeoutMs: params.timeoutMs
		}),
		noticeSeconds: Math.max(1, Math.round(params.approvalRunningNoticeMs / 1e3))
	};
}
function createExecApprovalRequestContext(params) {
	const approvalId = crypto.randomUUID();
	return {
		...createExecApprovalRequestState({
			warnings: params.warnings,
			timeoutMs: params.timeoutMs,
			approvalRunningNoticeMs: params.approvalRunningNoticeMs
		}),
		approvalId,
		approvalSlug: params.createApprovalSlug(approvalId),
		contextKey: `exec:${approvalId}`
	};
}
function createDefaultExecApprovalRequestContext(params) {
	return createExecApprovalRequestContext({
		warnings: params.warnings,
		timeoutMs: DEFAULT_APPROVAL_TIMEOUT_MS,
		approvalRunningNoticeMs: params.approvalRunningNoticeMs,
		createApprovalSlug: params.createApprovalSlug
	});
}
function resolveBaseExecApprovalDecision(params) {
	if (params.decision === "deny") return {
		approvedByAsk: false,
		deniedReason: "user-denied",
		timedOut: false
	};
	if (!params.decision) {
		if (params.obfuscationDetected) return {
			approvedByAsk: false,
			deniedReason: "approval-timeout (obfuscation-detected)",
			timedOut: true
		};
		if (params.askFallback === "full") return {
			approvedByAsk: true,
			deniedReason: null,
			timedOut: true
--
	const { hostSecurity, hostAsk, askFallback } = resolveExecHostApprovalContext({
		agentId: params.agentId,
		security: params.security,
		ask: params.ask,
		host: "node"
	});
	if (params.boundNode && params.requestedNode && params.boundNode !== params.requestedNode) throw new Error(`exec node not allowed (bound to ${params.boundNode})`);
	const nodeQuery = params.boundNode || params.requestedNode;
	const nodes = await listNodes({});
	if (nodes.length === 0) throw new Error("exec host=node requires a paired node (none available). This requires a companion app or node host.");
	let nodeId;
	try {
		nodeId = resolveNodeIdFromList(nodes, nodeQuery, !nodeQuery);
	} catch (err) {
		if (!nodeQuery && String(err).includes("node required")) throw new Error("exec host=node requires a node id when multiple nodes are available (set tools.exec.node or exec.node).", { cause: err });
		throw err;
	}
	const nodeInfo = nodes.find((entry) => entry.nodeId === nodeId);
	if (!(Array.isArray(nodeInfo?.commands) ? nodeInfo?.commands?.includes("system.run") : false)) throw new Error("exec host=node requires a node that supports system.run (companion app or node host).");
	const argv = buildNodeShellCommand(params.command, nodeInfo?.platform);
	const prepared = parsePreparedSystemRunPayload((await callGatewayTool("node.invoke", { timeoutMs: 15e3 }, {
		nodeId,
		command: "system.run.prepare",
		params: {
			command: argv,
			rawCommand: params.command,
			cwd: params.workdir,
			agentId: params.agentId,
			sessionKey: params.sessionKey
		},
		idempotencyKey: crypto.randomUUID()
	}))?.payload);
	if (!prepared) throw new Error("invalid system.run.prepare response");
	const runArgv = prepared.plan.argv;
	const runRawCommand = prepared.plan.commandText;
	const runCwd = prepared.plan.cwd ?? params.workdir;
	const runAgentId = prepared.plan.agentId ?? params.agentId;
	const runSessionKey = prepared.plan.sessionKey ?? params.sessionKey;
	const nodeEnv = params.requestedEnv ? { ...params.requestedEnv } : void 0;
	const baseAllowlistEval = evaluateShellAllowlist({
		command: params.command,
		allowlist: [],
		safeBins: /* @__PURE__ */ new Set(),
		cwd: params.workdir,
		env: params.env,
		platform: nodeInfo?.platform,
		trustedSafeBinDirs: params.trustedSafeBinDirs
	});
	let analysisOk = baseAllowlistEval.analysisOk;
	let allowlistSatisfied = false;
	const inlineEvalHit = params.strictInlineEval === true ? baseAllowlistEval.segments.map((segment) => detectInterpreterInlineEvalArgv(segment.resolution?.effectiveArgv ?? segment.argv)).find((entry) => entry !== null) ?? null : null;
	if (inlineEvalHit) params.warnings.push(`Warning: strict inline-eval mode requires explicit approval for ${describeInterpreterInlineEval(inlineEvalHit)}.`);
	if (hostAsk === "on-miss" && hostSecurity === "allowlist" && analysisOk) try {
		const approvalsSnapshot = await callGatewayTool("exec.approvals.node.get", { timeoutMs: 1e4 }, { nodeId });
		const approvalsFile = approvalsSnapshot && typeof approvalsSnapshot === "object" ? approvalsSnapshot.file : void 0;
		if (approvalsFile && typeof approvalsFile === "object") {
			const resolved = resolveExecApprovalsFromFile({
				file: approvalsFile,
				agentId: params.agentId,
				overrides: { security: "allowlist" }
			});
			const allowlistEval = evaluateShellAllowlist({
				command: params.command,
				allowlist: resolved.allowlist,
				safeBins: /* @__PURE__ */ new Set(),
				cwd: params.workdir,
				env: params.env,
				platform: nodeInfo?.platform,
				trustedSafeBinDirs: params.trustedSafeBinDirs
			});
			allowlistSatisfied = allowlistEval.allowlistSatisfied;
			analysisOk = allowlistEval.analysisOk;
		}
	} catch {}
	const obfuscation = detectCommandObfuscation(params.command);
	if (obfuscation.detected) {
		logInfo(`exec: obfuscation detected (node=${nodeQuery ?? "default"}): ${obfuscation.reasons.join(", ")}`);
		params.warnings.push(`⚠️ Obfuscated command detected: ${obfuscation.reasons.join("; ")}`);
	}
	const requiresAsk = requiresExecApproval({
		ask: hostAsk,
		security: hostSecurity,
		analysisOk,
		allowlistSatisfied
	}) || inlineEvalHit !== null || obfuscation.detected;
	const invokeTimeoutMs = Math.max(1e4, (typeof params.timeoutSec === "number" ? params.timeoutSec : params.defaultTimeoutSec) * 1e3 + 5e3);
	const buildInvokeParams = (approvedByAsk, approvalDecision, runId, suppressNotifyOnExit) => ({
		nodeId,
		command: "system.run",
		params: {
			command: runArgv,
			rawCommand: runRawCommand,
			cwd: runCwd,
			env: nodeEnv,
			timeoutMs: typeof params.timeoutSec === "number" ? params.timeoutSec * 1e3 : void 0,
			agentId: runAgentId,
			sessionKey: runSessionKey,
			approved: approvedByAsk,
			approvalDecision: approvalDecision === "allow-always" && inlineEvalHit !== null ? "allow-once" : approvalDecision ?? void 0,
			runId: runId ?? void 0,
			suppressNotifyOnExit: suppressNotifyOnExit === true ? true : void 0
		},
		idempotencyKey: crypto.randomUUID()
	});
	if (requiresAsk) {
		const requestArgs = buildDefaultExecApprovalRequestArgs({
			warnings: params.warnings,
			approvalRunningNoticeMs: params.approvalRunningNoticeMs,
			createApprovalSlug,
			turnSourceChannel: params.turnSourceChannel,
			turnSourceAccountId: params.turnSourceAccountId
		});
		const registerNodeApproval = async (approvalId) => await registerExecApprovalRequestForHostOrThrow({
			approvalId,
			systemRunPlan: prepared.plan,
--
				decision,
				askFallback,
				obfuscationDetected: obfuscation.detected
			});
			let approvedByAsk = initialApprovedByAsk;
			let approvalDecision = null;
			let deniedReason = initialDeniedReason;
			if (baseDecision.timedOut && askFallback === "full" && approvedByAsk) approvalDecision = "allow-once";
			else if (decision === "allow-once") {
				approvedByAsk = true;
				approvalDecision = "allow-once";
			} else if (decision === "allow-always") {
				approvedByAsk = true;
				approvalDecision = "allow-always";
			}
			if (deniedReason) {
				await sendExecApprovalFollowupResult(followupTarget, `Exec denied (node=${nodeId} id=${approvalId}, ${deniedReason}): ${params.command}`);
				return;
			}
			try {
				const raw = await callGatewayTool("node.invoke", { timeoutMs: invokeTimeoutMs }, buildInvokeParams(approvedByAsk, approvalDecision, approvalId, true));
				const payload = raw?.payload && typeof raw.payload === "object" ? raw.payload : {};
				const output = normalizeNotifyOutput([
					payload.stdout,
					payload.stderr,
					payload.error
				].filter(Boolean).join("\n").slice(-400));
				const exitLabel = payload.timedOut ? "timeout" : `code ${payload.exitCode ?? "?"}`;
				await sendExecApprovalFollowupResult(followupTarget, output ? `Exec finished (node=${nodeId} id=${approvalId}, ${exitLabel})\n${output}` : `Exec finished (node=${nodeId} id=${approvalId}, ${exitLabel})`);
			} catch {
				await sendExecApprovalFollowupResult(followupTarget, `Exec denied (node=${nodeId} id=${approvalId}, invoke-failed): ${params.command}`);
			}
		})();
		return buildExecApprovalPendingToolResult({
			host: "node",
			command: params.command,
			cwd: params.workdir,
			warningText,
			approvalId,
			approvalSlug,
			expiresAtMs,
			initiatingSurface,
			sentApproverDms,
			unavailableReason,
			nodeId
		});
	}
	const startedAt = Date.now();
	const raw = await callGatewayTool("node.invoke", { timeoutMs: invokeTimeoutMs }, buildInvokeParams(false, null));
	const payload = raw && typeof raw === "object" ? raw.payload : void 0;
	const payloadObj = payload && typeof payload === "object" ? payload : {};
	const stdout = typeof payloadObj.stdout === "string" ? payloadObj.stdout : "";
	const stderr = typeof payloadObj.stderr === "string" ? payloadObj.stderr : "";
	const errorText = typeof payloadObj.error === "string" ? payloadObj.error : "";
	const success = typeof payloadObj.success === "boolean" ? payloadObj.success : false;
	const exitCode = typeof payloadObj.exitCode === "number" ? payloadObj.exitCode : null;
	return {
		content: [{
			type: "text",
			text: stdout || stderr || errorText || ""
		}],
		details: {
			status: success ? "completed" : "failed",
			exitCode,
			durationMs: Date.now() - startedAt,
			aggregated: [
				stdout,
				stderr,
				errorText
--
				const blockedKeys = hostEnvResult.rejectedOverrideBlockedKeys;
				const invalidKeys = hostEnvResult.rejectedOverrideInvalidKeys;
				const pathBlocked = blockedKeys.includes("PATH");
				if (pathBlocked && blockedKeys.length === 1 && invalidKeys.length === 0) throw new Error("Security Violation: Custom 'PATH' variable is forbidden during host execution.");
				if (blockedKeys.length === 1 && invalidKeys.length === 0) throw new Error(`Security Violation: Environment variable '${blockedKeys[0]}' is forbidden during host execution.`);
				const details = [];
				if (blockedKeys.length > 0) details.push(`blocked override keys: ${blockedKeys.join(", ")}`);
				if (invalidKeys.length > 0) details.push(`invalid non-portable override keys: ${invalidKeys.join(", ")}`);
				const suffix = details.join("; ");
				if (pathBlocked) throw new Error(`Security Violation: Custom 'PATH' variable is forbidden during host execution (${suffix}).`);
				throw new Error(`Security Violation: ${suffix}.`);
			}
			const env = sandbox && host === "sandbox" ? buildSandboxEnv({
				defaultPath: DEFAULT_PATH,
				paramsEnv: params.env,
				sandboxEnv: sandbox.env,
				containerWorkdir: containerWorkdir ?? sandbox.containerWorkdir
			}) : hostEnvResult?.env ?? inheritedBaseEnv;
			if (!sandbox && host === "gateway" && !params.env?.PATH) applyShellPath(env, getShellPathFromLoginShell({
				env: process.env,
				timeoutMs: resolveShellEnvFallbackTimeoutMs(process.env)
			}));
			if (host === "node" && defaultPathPrepend.length > 0) warnings.push("Warning: tools.exec.pathPrepend is ignored for host=node. Configure PATH on the node host/service instead.");
			else applyPathPrepend(env, defaultPathPrepend);
			if (host === "node") return executeNodeHostCommand({
				command: params.command,
				workdir,
				env,
				requestedEnv: params.env,
				requestedNode: params.node?.trim(),
				boundNode: defaults?.node?.trim(),
				sessionKey: defaults?.sessionKey,
				turnSourceChannel: defaults?.messageProvider,
				turnSourceTo: defaults?.currentChannelId,
				turnSourceAccountId: defaults?.accountId,
				turnSourceThreadId: defaults?.currentThreadTs,
				agentId,
				security,
				ask,
				strictInlineEval: defaults?.strictInlineEval,
				timeoutSec: params.timeout,
--
		filePath: resolved,
		roots
	})) {
		if (shouldLogVerbose()) logVerbose(`Blocked canvas jsonlPath outside allowed roots: ${resolved}`);
		throw new Error("jsonlPath outside allowed roots");
	}
	const canonical = await fs.realpath(resolved).catch(() => resolved);
	if (!isInboundPathAllowed({
		filePath: canonical,
		roots
	})) {
		if (shouldLogVerbose()) logVerbose(`Blocked canvas jsonlPath outside allowed roots: ${canonical}`);
		throw new Error("jsonlPath outside allowed roots");
	}
	return await fs.readFile(canonical, "utf8");
}
const CanvasToolSchema = Type.Object({
	action: stringEnum(CANVAS_ACTIONS),
	gatewayUrl: Type.Optional(Type.String()),
	gatewayToken: Type.Optional(Type.String()),
	timeoutMs: Type.Optional(Type.Number()),
	node: Type.Optional(Type.String()),
	target: Type.Optional(Type.String()),
	x: Type.Optional(Type.Number()),
	y: Type.Optional(Type.Number()),
	width: Type.Optional(Type.Number()),
	height: Type.Optional(Type.Number()),
	url: Type.Optional(Type.String()),
	javaScript: Type.Optional(Type.String()),
	outputFormat: optionalStringEnum(CANVAS_SNAPSHOT_FORMATS),
	maxWidth: Type.Optional(Type.Number()),
	quality: Type.Optional(Type.Number()),
	delayMs: Type.Optional(Type.Number()),
	jsonl: Type.Optional(Type.String()),
	jsonlPath: Type.Optional(Type.String())
});
function createCanvasTool(options) {
	const imageSanitization = resolveImageSanitizationLimits(options?.config);
	return {
		label: "Canvas",
		name: "canvas",
--
const CRON_ACTIONS = [
	"status",
	"list",
	"add",
	"update",
	"remove",
	"run",
	"runs",
	"wake"
];
const CRON_WAKE_MODES = ["now", "next-heartbeat"];
const CRON_RUN_MODES = ["due", "force"];
const REMINDER_CONTEXT_MESSAGES_MAX = 10;
const REMINDER_CONTEXT_PER_MESSAGE_MAX = 220;
const REMINDER_CONTEXT_TOTAL_MAX = 700;
const REMINDER_CONTEXT_MARKER = "\n\nRecent context:\n";
const CronToolSchema = Type.Object({
	action: stringEnum(CRON_ACTIONS),
	gatewayUrl: Type.Optional(Type.String()),
	gatewayToken: Type.Optional(Type.String()),
	timeoutMs: Type.Optional(Type.Number()),
	includeDisabled: Type.Optional(Type.Boolean()),
	job: Type.Optional(Type.Object({}, { additionalProperties: true })),
	jobId: Type.Optional(Type.String()),
	id: Type.Optional(Type.String()),
	patch: Type.Optional(Type.Object({}, { additionalProperties: true })),
	text: Type.Optional(Type.String()),
	mode: optionalStringEnum(CRON_WAKE_MODES),
	runMode: optionalStringEnum(CRON_RUN_MODES),
	contextMessages: Type.Optional(Type.Number({
		minimum: 0,
		maximum: REMINDER_CONTEXT_MESSAGES_MAX
	}))
}, { additionalProperties: true });
function stripExistingContext(text) {
	const index = text.indexOf(REMINDER_CONTEXT_MARKER);
	if (index === -1) return text;
	return text.slice(0, index).trim();
}
function truncateText(input, maxLen) {
	if (input.length <= maxLen) return input;
--
  - webhook: send finished-run event as HTTP POST to delivery.to (URL required)
  - If the task needs to send to a specific chat/recipient, set announce delivery.channel/to; do not call messaging tools inside the run.

CRITICAL CONSTRAINTS:
- sessionTarget="main" REQUIRES payload.kind="systemEvent"
- sessionTarget="isolated" | "current" | "session:xxx" REQUIRES payload.kind="agentTurn"
- For webhook callbacks, use delivery.mode="webhook" with delivery.to set to a URL.
Default: prefer isolated agentTurn jobs unless the user explicitly wants current-session binding.

WAKE MODES (for wake action):
- "next-heartbeat" (default): Wake on next heartbeat
- "now": Wake immediately

Use jobId as the canonical identifier; id is accepted for compatibility. Use contextMessages (0-10) to add previous messages as context to the job text.`,
		parameters: CronToolSchema,
		execute: async (_toolCallId, args) => {
			const params = args;
			const action = readStringParam$1(params, "action", { required: true });
			const gatewayOpts = {
				...readGatewayCallOptions(params),
				timeoutMs: typeof params.timeoutMs === "number" && Number.isFinite(params.timeoutMs) ? params.timeoutMs : 6e4
			};
			switch (action) {
				case "status": return jsonResult(await callGateway("cron.status", gatewayOpts, {}));
				case "list": return jsonResult(await callGateway("cron.list", gatewayOpts, { includeDisabled: Boolean(params.includeDisabled) }));
				case "add": {
					if (!params.job || typeof params.job === "object" && params.job !== null && Object.keys(params.job).length === 0) {
						const JOB_KEYS = new Set([
							"name",
							"schedule",
							"sessionTarget",
							"wakeMode",
							"payload",
							"delivery",
							"enabled",
							"description",
							"deleteAfterRun",
							"agentId",
							"sessionKey",
							"message",
							"text",
--
	const parsed = parseGatewayConfigMutationRaw(params.raw, params.action);
	const nextConfig = params.action === "config.apply" ? parsed : applyMergePatch(params.currentConfig, parsed, { mergeObjectArraysById: true });
	const migratedNextConfig = applyLegacyMigrations(nextConfig).next ?? nextConfig;
	const changedProtectedPaths = PROTECTED_GATEWAY_CONFIG_PATHS.filter((path) => getValueAtPath(params.currentConfig, path) !== getValueAtPath(migratedNextConfig, path));
	if (changedProtectedPaths.length === 0) return;
	throw new Error(`gateway ${params.action} cannot change protected config paths: ${changedProtectedPaths.join(", ")}`);
}
const GatewayToolSchema = Type.Object({
	action: stringEnum([
		"restart",
		"config.get",
		"config.schema.lookup",
		"config.apply",
		"config.patch",
		"update.run"
	]),
	delayMs: Type.Optional(Type.Number()),
	reason: Type.Optional(Type.String()),
	gatewayUrl: Type.Optional(Type.String()),
	gatewayToken: Type.Optional(Type.String()),
	timeoutMs: Type.Optional(Type.Number()),
	path: Type.Optional(Type.String()),
	raw: Type.Optional(Type.String()),
	baseHash: Type.Optional(Type.String()),
	sessionKey: Type.Optional(Type.String()),
	note: Type.Optional(Type.String()),
	restartDelayMs: Type.Optional(Type.Number())
});
function createGatewayTool(opts) {
	return {
		label: "Gateway",
		name: "gateway",
		ownerOnly: true,
		description: "Restart, inspect a specific config schema path, apply config, or update the gateway in-place (SIGUSR1). Use config.schema.lookup with a targeted dot path before config edits. Use config.patch for safe partial config updates (merges with existing). Use config.apply only when replacing entire config. Both trigger restart after writing. Always pass a human-readable completion message via the `note` parameter so the system can deliver it to the user after restart.",
		parameters: GatewayToolSchema,
		execute: async (_toolCallId, args) => {
			const params = args;
			const action = readStringParam$1(params, "action", { required: true });
			if (action === "restart") {
				if (!isRestartEnabled(opts?.config)) throw new Error("Gateway restart is disabled (commands.restart=false).");
				const sessionKey = typeof params.sessionKey === "string" && params.sessionKey.trim() ? params.sessionKey.trim() : opts?.agentSessionKey?.trim() || void 0;
--
			if (action === "config.patch") {
				const { raw, baseHash, snapshotConfig, sessionKey, note, restartDelayMs } = await resolveConfigWriteParams();
				assertGatewayConfigMutationAllowed({
					action: "config.patch",
					currentConfig: snapshotConfig,
					raw
				});
				return jsonResult({
					ok: true,
					result: await callGatewayTool("config.patch", gatewayOpts, {
						raw,
						baseHash,
						sessionKey,
						note,
						restartDelayMs
					})
				});
			}
			if (action === "update.run") {
				const { sessionKey, note, restartDelayMs } = resolveGatewayWriteMeta();
				const updateTimeoutMs = gatewayOpts.timeoutMs ?? DEFAULT_UPDATE_TIMEOUT_MS;
				return jsonResult({
					ok: true,
					result: await callGatewayTool("update.run", {
						...gatewayOpts,
						timeoutMs: updateTimeoutMs
					}, {
						sessionKey,
						note,
						restartDelayMs,
						timeoutMs: updateTimeoutMs
					})
				});
			}
			throw new Error(`Unknown action: ${action}`);
		}
	};
}
//#endregion
//#region src/plugin-sdk/image-generation-runtime.ts
function loadFacadeModule() {
	return loadBundledPluginPublicSurfaceModuleSync({
		dirName: "image-generation-core",
		artifactBasename: "runtime-api.js"
	});
}
const generateImage = ((...args) => loadFacadeModule()["generateImage"](...args));
const listRuntimeImageGenerationProviders = ((...args) => loadFacadeModule()["listRuntimeImageGenerationProviders"](...args));
//#endregion
//#region src/agents/failover-policy.ts
function shouldAllowCooldownProbeForReason(reason) {
--
async function runImagePrompt(params) {
	const effectiveCfg = applyImageModelConfigDefaults(params.cfg, params.imageModelConfig);
	const providerCfg = effectiveCfg ?? {};
	const providerRegistry = imageToolProviderDeps.buildProviderRegistry(void 0, providerCfg);
	const result = await runWithImageModelFallback({
		cfg: effectiveCfg,
		modelOverride: params.modelOverride,
		run: async (provider, modelId) => {
			const imageProvider = imageToolProviderDeps.getMediaUnderstandingProvider(provider, providerRegistry);
			if (params.images.length > 1 && (imageProvider?.describeImages || !imageProvider?.describeImage)) {
				const described = await (imageProvider?.describeImages ?? describeImagesWithModel)({
					images: params.images.map((image, index) => ({
						buffer: image.buffer,
						fileName: `image-${index + 1}`,
						mime: image.mimeType
					})),
					provider,
					model: modelId,
					prompt: params.prompt,
					maxTokens: resolveImageToolMaxTokens(void 0),
					timeoutMs: 3e4,
					cfg: providerCfg,
					agentDir: params.agentDir
				});
				return {
					text: described.text,
					provider,
					model: described.model ?? modelId
				};
			}
			const describeImage = imageProvider?.describeImage ?? describeImageWithModel;
			if (params.images.length === 1) {
				const image = params.images[0];
				const described = await describeImage({
					buffer: image.buffer,
					fileName: "image-1",
					mime: image.mimeType,
					provider,
					model: modelId,
					prompt: params.prompt,
					maxTokens: resolveImageToolMaxTokens(void 0),
					timeoutMs: 3e4,
					cfg: providerCfg,
					agentDir: params.agentDir
				});
				return {
					text: described.text,
					provider,
					model: described.model ?? modelId
				};
			}
			const parts = [];
			for (const [index, image] of params.images.entries()) {
				const described = await describeImage({
					buffer: image.buffer,
					fileName: `image-${index + 1}`,
					mime: image.mimeType,
					provider,
					model: modelId,
					prompt: `${params.prompt}\n\nDescribe image ${index + 1} of ${params.images.length}.`,
					maxTokens: resolveImageToolMaxTokens(void 0),
					timeoutMs: 3e4,
					cfg: providerCfg,
					agentDir: params.agentDir
				});
				parts.push(`Image ${index + 1}:\n${described.text.trim()}`);
			}
			return {
				text: parts.join("\n\n").trim(),
				provider,
				model: modelId
			};
		}
	});
	return {
		text: result.result.text,
		provider: result.result.provider,
		model: result.result.model,
		attempts: result.attempts.map((attempt) => ({
			provider: attempt.provider,
			model: attempt.model,
			error: attempt.error
--
		eventName: Type.Optional(Type.String()),
		eventType: Type.Optional(Type.String()),
		startTime: Type.Optional(Type.String()),
		endTime: Type.Optional(Type.String()),
		desc: Type.Optional(Type.String()),
		location: Type.Optional(Type.String()),
		durationMin: Type.Optional(Type.Number()),
		until: Type.Optional(Type.String())
	};
}
function buildModerationSchema() {
	return {
		reason: Type.Optional(Type.String()),
		deleteDays: Type.Optional(Type.Number())
	};
}
function buildGatewaySchema() {
	return {
		gatewayUrl: Type.Optional(Type.String()),
		gatewayToken: Type.Optional(Type.String()),
		timeoutMs: Type.Optional(Type.Number())
	};
}
function buildPresenceSchema() {
	return {
		activityType: Type.Optional(Type.String({ description: "Activity type: playing, streaming, listening, watching, competing, custom." })),
		activityName: Type.Optional(Type.String({ description: "Activity name shown in sidebar (e.g. 'with fire'). Ignored for custom type." })),
		activityUrl: Type.Optional(Type.String({ description: "Streaming URL (Twitch or YouTube). Only used with streaming type; may not render for bots." })),
		activityState: Type.Optional(Type.String({ description: "State text. For custom type this is the status text; for others it shows in the flyout." })),
		status: Type.Optional(Type.String({ description: "Bot status: online, dnd, idle, invisible." }))
	};
}
function buildChannelManagementSchema() {
	return {
		name: Type.Optional(Type.String()),
		type: Type.Optional(Type.Number()),
		parentId: Type.Optional(Type.String()),
		topic: Type.Optional(Type.String()),
		position: Type.Optional(Type.Number()),
		nsfw: Type.Optional(Type.Boolean()),
		rateLimitPerUser: Type.Optional(Type.Number()),
--
					config: loadedRaw,
					channel: scope.channel,
					accountId: scope.accountId
				});
				cfg = (await resolveSecretRefsForTool({
					config: loadedRaw,
					commandName: "tools.message",
					targetIds: scopedTargets.targetIds,
					...scopedTargets.allowedPaths ? { allowedPaths: scopedTargets.allowedPaths } : {},
					mode: "enforce_resolved"
				})).resolvedConfig;
			}
			if (options?.requireExplicitTarget === true && actionNeedsExplicitTarget(action)) {
				if (!(typeof params.target === "string" && params.target.trim().length > 0 || typeof params.to === "string" && params.to.trim().length > 0 || typeof params.channelId === "string" && params.channelId.trim().length > 0 || Array.isArray(params.targets) && params.targets.some((value) => typeof value === "string" && value.trim().length > 0))) throw new Error("Explicit message target required for this run. Provide target/targets (and channel when needed).");
			}
			const accountId = readStringParam$1(params, "accountId") ?? agentAccountId;
			if (accountId) params.accountId = accountId;
			const gatewayResolved = resolveGatewayOptions({
				gatewayUrl: readStringParam$1(params, "gatewayUrl", { trim: false }),
				gatewayToken: readStringParam$1(params, "gatewayToken", { trim: false }),
				timeoutMs: readNumberParam(params, "timeoutMs")
			});
			const gateway = {
				url: gatewayResolved.url,
				token: gatewayResolved.token,
				timeoutMs: gatewayResolved.timeoutMs,
				clientName: GATEWAY_CLIENT_IDS.GATEWAY_CLIENT,
				clientDisplayName: "agent",
				mode: GATEWAY_CLIENT_MODES.BACKEND
			};
			const hasCurrentMessageId = typeof options?.currentMessageId === "number" || typeof options?.currentMessageId === "string" && options.currentMessageId.trim().length > 0;
			const toolContext = options?.currentChannelId || options?.currentChannelProvider || options?.currentThreadTs || hasCurrentMessageId || options?.replyToMode || options?.hasRepliedRef ? {
				currentChannelId: options?.currentChannelId,
				currentChannelProvider: options?.currentChannelProvider,
				currentThreadTs: options?.currentThreadTs,
				currentMessageId: options?.currentMessageId,
				replyToMode: options?.replyToMode,
				hasRepliedRef: options?.hasRepliedRef,
				skipCrossContextDecoration: true
			} : void 0;
			const result = await runMessageActionForTool({
				cfg,
				action,
				params,
				defaultAccountId: accountId ?? void 0,
				requesterSenderId: options?.requesterSenderId,
--
				commandParams: {
					key: notificationKey,
					action: notificationAction,
					replyText: notificationReplyText
				}
			});
			return jsonResult(payloadRaw && typeof payloadRaw === "object" && payloadRaw !== null ? payloadRaw : {});
		}
		case "location_get": {
			const node = readStringParam$1(params.input, "node", { required: true });
			const maxAgeMs = typeof params.input.maxAgeMs === "number" && Number.isFinite(params.input.maxAgeMs) ? params.input.maxAgeMs : void 0;
			const desiredAccuracy = params.input.desiredAccuracy === "coarse" || params.input.desiredAccuracy === "balanced" || params.input.desiredAccuracy === "precise" ? params.input.desiredAccuracy : void 0;
			const locationTimeoutMs = typeof params.input.locationTimeoutMs === "number" && Number.isFinite(params.input.locationTimeoutMs) ? params.input.locationTimeoutMs : void 0;
			return jsonResult(await invokeNodeCommandPayload({
				gatewayOpts: params.gatewayOpts,
				node,
				command: "location.get",
				commandParams: {
					maxAgeMs,
					desiredAccuracy,
					timeoutMs: locationTimeoutMs
				}
			}));
		}
		case "invoke": {
			const node = readStringParam$1(params.input, "node", { required: true });
			const nodeId = await resolveNodeId(params.gatewayOpts, node);
			const invokeCommand = readStringParam$1(params.input, "invokeCommand", { required: true });
			const invokeCommandNormalized = invokeCommand.trim().toLowerCase();
			if (BLOCKED_INVOKE_COMMANDS.has(invokeCommandNormalized)) throw new Error(`invokeCommand "${invokeCommand}" is reserved for shell execution; use exec with host=node instead`);
			const dedicatedAction = params.mediaInvokeActions[invokeCommandNormalized];
			if (dedicatedAction && !params.allowMediaInvokeCommands) throw new Error(`invokeCommand "${invokeCommand}" returns media payloads and is blocked to prevent base64 context bloat; use action="${dedicatedAction}"`);
			const invokeParamsJson = typeof params.input.invokeParamsJson === "string" ? params.input.invokeParamsJson.trim() : "";
			let invokeParams = {};
			if (invokeParamsJson) try {
				invokeParams = JSON.parse(invokeParamsJson);
			} catch (err) {
				const message = err instanceof Error ? err.message : String(err);
				throw new Error(`invokeParamsJson must be valid JSON: ${message}`, { cause: err });
			}
			const invokeTimeoutMs = parseTimeoutMs(params.input.invokeTimeoutMs);
			return jsonResult(await callGatewayTool("node.invoke", params.gatewayOpts, {
				nodeId,
				command: invokeCommand,
				params: invokeParams,
				timeoutMs: invokeTimeoutMs,
				idempotencyKey: crypto.randomUUID()
			}) ?? {});
		}
	}
}
async function invokeNodeCommandPayload(params) {
	const nodeId = await resolveNodeId(params.gatewayOpts, params.node);
	return (await callGatewayTool("node.invoke", params.gatewayOpts, {
		nodeId,
		command: params.command,
		params: params.commandParams ?? {},
		idempotencyKey: crypto.randomUUID()
	}))?.payload ?? {};
}
//#endregion
//#region src/agents/tools/nodes-tool-media.ts
const MEDIA_INVOKE_ACTIONS = {
	"camera.snap": "camera_snap",
	"camera.clip": "camera_clip",
	"photos.latest": "photos_latest",
--
	return ["operator.write"];
}
async function resolveNodePairApproveScopes(gatewayOpts, requestId) {
	const pairing = await callGatewayTool("node.pair.list", gatewayOpts, {}, { scopes: ["operator.pairing", "operator.write"] });
	return resolveApproveScopes((Array.isArray(pairing?.pending) ? pairing.pending : []).find((entry) => entry?.requestId === requestId)?.commands);
}
function isPairingRequiredMessage(message) {
	const lower = message.toLowerCase();
	return lower.includes("pairing required") || lower.includes("not_paired");
}
function extractPairingRequestId(message) {
	const match = message.match(/\(requestId:\s*([^)]+)\)/i);
	if (!match) return null;
	const value = (match[1] ?? "").trim();
	return value.length > 0 ? value : null;
}
const NodesToolSchema = Type.Object({
	action: stringEnum(NODES_TOOL_ACTIONS),
	gatewayUrl: Type.Optional(Type.String()),
	gatewayToken: Type.Optional(Type.String()),
	timeoutMs: Type.Optional(Type.Number()),
	node: Type.Optional(Type.String()),
	requestId: Type.Optional(Type.String()),
	title: Type.Optional(Type.String()),
	body: Type.Optional(Type.String()),
	sound: Type.Optional(Type.String()),
	priority: optionalStringEnum(NOTIFY_PRIORITIES),
	delivery: optionalStringEnum(NOTIFY_DELIVERIES),
	facing: optionalStringEnum(CAMERA_FACING, { description: "camera_snap: front/back/both; camera_clip: front/back only." }),
	maxWidth: Type.Optional(Type.Number()),
	quality: Type.Optional(Type.Number()),
	delayMs: Type.Optional(Type.Number()),
	deviceId: Type.Optional(Type.String()),
	limit: Type.Optional(Type.Number()),
	duration: Type.Optional(Type.String()),
	durationMs: Type.Optional(Type.Number({ maximum: 3e5 })),
	includeAudio: Type.Optional(Type.Boolean()),
	fps: Type.Optional(Type.Number()),
	screenIndex: Type.Optional(Type.Number()),
	outPath: Type.Optional(Type.String()),
	maxAgeMs: Type.Optional(Type.Number()),
--
								sawTurnOutput = true;
								if (event.type === "text_delta" && event.stream !== "thought" && event.text) taskProgressSummary = appendBackgroundTaskProgressSummary(taskProgressSummary, event.text);
								if (taskContext) this.markBackgroundTaskRunning(taskContext.runId, {
									sessionKey,
									lastEventAt: Date.now(),
									progressSummary: taskProgressSummary || null
								});
							}
							if (input.onEvent) await input.onEvent(event);
						}
						if (eventGate.open && streamError) throw streamError;
					})();
					const turnTimeoutMs = this.resolveTurnTimeoutMs({
						cfg: input.cfg,
						meta
					});
					const sessionMode = meta.mode;
					await this.awaitTurnWithTimeout({
						sessionKey,
						turnPromise,
						timeoutMs: turnTimeoutMs + ACP_TURN_TIMEOUT_GRACE_MS,
						timeoutLabelMs: turnTimeoutMs,
						onTimeout: async () => {
							eventGate.open = false;
							skipPostTurnCleanup = true;
							if (!activeTurn) return;
							await this.cleanupTimedOutTurn({
								sessionKey,
								activeTurn,
								mode: sessionMode
							});
						}
					});
					if (streamError) throw streamError;
					this.recordTurnCompletion({ startedAt: turnStartedAt });
					if (taskContext) {
						const terminalResult = resolveBackgroundTaskTerminalResult(taskProgressSummary);
						this.markBackgroundTaskTerminal(taskContext.runId, {
							sessionKey,
							status: "succeeded",
							endedAt: Date.now(),
--
				if (retryFreshHandle) continue;
			}
		}, input.signal);
	}
	resolveTurnTimeoutMs(params) {
		const runtimeTimeoutSeconds = resolveRuntimeOptionsFromMeta(params.meta).timeoutSeconds;
		if (typeof runtimeTimeoutSeconds === "number" && Number.isFinite(runtimeTimeoutSeconds) && runtimeTimeoutSeconds > 0) return Math.max(1e3, Math.round(runtimeTimeoutSeconds * 1e3));
		return resolveAgentTimeoutMs({
			cfg: params.cfg,
			minMs: 1e3
		});
	}
	async awaitTurnWithTimeout(params) {
		const observedTurnPromise = params.turnPromise.then((value) => ({
			kind: "value",
			value
		}), (error) => ({
			kind: "error",
			error
		}));
		if (params.timeoutMs <= 0) {
			const outcome = await observedTurnPromise;
			if (outcome.kind === "error") throw outcome.error;
			return outcome.value;
		}
		const timeoutToken = Symbol("acp-turn-timeout");
		let timer;
		const timeoutPromise = new Promise((resolve) => {
			timer = setTimeout(() => resolve(timeoutToken), params.timeoutMs);
			timer.unref?.();
		});
		try {
			const outcome = await Promise.race([observedTurnPromise, timeoutPromise]);
			if (outcome === timeoutToken) {
				observedTurnPromise.then((lateOutcome) => {
					if (lateOutcome.kind === "error") logVerbose(`acp-manager: detached late turn error after timeout for ${params.sessionKey}: ${String(lateOutcome.error)}`);
				});
				await params.onTimeout();
				throw new AcpRuntimeError("ACP_TURN_FAILED", `ACP turn timed out after ${Math.max(1, Math.round(params.timeoutLabelMs / 1e3))}s.`);
			}
			if (outcome.kind === "error") throw outcome.error;
			return outcome.value;
		} finally {
			if (timer) clearTimeout(timer);
		}
	}
	async cleanupTimedOutTurn(params) {
		params.activeTurn.abortController.abort();
		if (!params.activeTurn.cancelPromise) params.activeTurn.cancelPromise = params.activeTurn.runtime.cancel({
--
	}));
	await subagentAnnounceDeliveryDeps.callGateway({
		method: "agent",
		params: {
			sessionKey: item.sessionKey,
			message: item.prompt,
			channel: requesterIsSubagent ? void 0 : origin?.channel,
			accountId: requesterIsSubagent ? void 0 : origin?.accountId,
			to: requesterIsSubagent ? void 0 : origin?.to,
			threadId: requesterIsSubagent ? void 0 : threadId,
			deliver: !requesterIsSubagent,
			internalEvents: item.internalEvents,
			inputProvenance: {
				kind: "inter_session",
				sourceSessionKey: item.sourceSessionKey,
				sourceChannel: item.sourceChannel ?? "webchat",
				sourceTool: item.sourceTool ?? "subagent_announce"
			},
			idempotencyKey
		},
		timeoutMs: announceTimeoutMs
	});
}
function resolveRequesterStoreKey(cfg, requesterSessionKey) {
	const raw = (requesterSessionKey ?? "").trim();
	if (!raw) return raw;
	if (raw === "global" || raw === "unknown") return raw;
	if (raw.startsWith("agent:")) return raw;
	const mainKey = normalizeMainKey(cfg.session?.mainKey);
	if (raw === "main" || raw === mainKey) return resolveMainSessionKey(cfg);
	return `agent:${resolveAgentIdFromSessionKey(raw)}:${raw}`;
}
function loadRequesterSessionEntry(requesterSessionKey) {
	const cfg = subagentAnnounceDeliveryDeps.loadConfig();
	const canonicalKey = resolveRequesterStoreKey(cfg, requesterSessionKey);
	const agentId = resolveAgentIdFromSessionKey(canonicalKey);
	return {
		cfg,
		entry: loadSessionStore(resolveStorePath(cfg.session?.store, { agentId }))[canonicalKey],
		canonicalKey
	};
--
				method: "agent",
				params: {
					sessionKey: canonicalRequesterSessionKey,
					message: params.triggerMessage,
					deliver: deliveryTarget.deliver,
					bestEffortDeliver: params.bestEffortDeliver,
					internalEvents: params.internalEvents,
					channel: deliveryTarget.deliver ? deliveryTarget.channel : sessionOnlyOriginChannel,
					accountId: deliveryTarget.deliver ? deliveryTarget.accountId : sessionOnlyOriginChannel ? sessionOnlyOrigin?.accountId : void 0,
					to: deliveryTarget.deliver ? deliveryTarget.to : sessionOnlyOriginChannel ? sessionOnlyOrigin?.to : void 0,
					threadId: deliveryTarget.deliver ? deliveryTarget.threadId : sessionOnlyOriginChannel ? sessionOnlyOrigin?.threadId : void 0,
					inputProvenance: {
						kind: "inter_session",
						sourceSessionKey: params.sourceSessionKey,
						sourceChannel: params.sourceChannel ?? "webchat",
						sourceTool: params.sourceTool ?? "subagent_announce"
					},
					idempotencyKey: params.directIdempotencyKey
				},
				expectFinal: true,
				timeoutMs: announceTimeoutMs
			})
		});
		return {
			delivered: true,
			path: "direct"
		};
	} catch (err) {
		return {
			delivered: false,
			path: "direct",
			error: summarizeDeliveryError(err)
		};
	}
}
async function deliverSubagentAnnouncement(params) {
	return await runSubagentAnnounceDispatch({
		expectsCompletionMessage: params.expectsCompletionMessage,
		signal: params.signal,
		queue: async () => await maybeQueueSubagentAnnounce({
			requesterSessionKey: params.requesterSessionKey,
--
}
async function runAgentStep(params) {
	const stepIdem = crypto.randomUUID();
	const response = await agentStepDeps.callGateway({
		method: "agent",
		params: {
			message: params.message,
			sessionKey: params.sessionKey,
			idempotencyKey: stepIdem,
			deliver: false,
			channel: params.channel ?? "webchat",
			lane: params.lane ?? AGENT_LANE_NESTED,
			extraSystemPrompt: params.extraSystemPrompt,
			inputProvenance: {
				kind: "inter_session",
				sourceSessionKey: params.sourceSessionKey,
				sourceChannel: params.sourceChannel,
				sourceTool: params.sourceTool ?? "sessions_send"
			}
		},
		timeoutMs: 1e4
	});
	const resolvedRunId = (typeof response?.runId === "string" && response.runId ? response.runId : "") || stepIdem;
	const stepWaitMs = Math.min(params.timeoutMs, 6e4);
	if ((await agentStepDeps.callGateway({
		method: "agent.wait",
		params: {
			runId: resolvedRunId,
			timeoutMs: stepWaitMs
		},
		timeoutMs: stepWaitMs + 2e3
	}))?.status !== "ok") return;
	return await readLatestAssistantReply({ sessionKey: params.sessionKey });
}
//#endregion
//#region src/agents/tools/sessions-send-helpers.ts
const ANNOUNCE_SKIP_TOKEN = "ANNOUNCE_SKIP";
const REPLY_SKIP_TOKEN = "REPLY_SKIP";
const DEFAULT_PING_PONG_TURNS = 5;
const MAX_PING_PONG_TURNS = 5;
function resolveAnnounceTargetFromKey(sessionKey) {
	const parsed = parseSessionConversationRef(sessionKey);
	if (!parsed) return null;
	const normalizedChannel = normalizeChannelId$1(parsed.channel) ?? normalizeChannelId(parsed.channel);
	const channel = normalizedChannel ?? parsed.channel;
	const plugin = normalizedChannel ? getChannelPlugin(normalizedChannel) : null;
	const genericTarget = parsed.kind === "channel" ? `channel:${parsed.id}` : `group:${parsed.id}`;
	return {
		channel,
		to: plugin?.messaging?.resolveSessionTarget?.({
			kind: parsed.kind,
--
		limit: 100
	});
	return latestAssistant?.trim() ? latestAssistant : void 0;
}
async function readLatestSubagentOutputWithRetry(params) {
	const retryIntervalMs = isFastTestMode() ? FAST_TEST_RETRY_INTERVAL_MS : 100;
	const maxWaitMs = Math.max(0, Math.min(params.maxWaitMs, 15e3));
	let waitedMs = 0;
	let result;
	while (waitedMs < maxWaitMs) {
		result = await readSubagentOutput(params.sessionKey, params.outcome);
		if (result?.trim()) return result;
		const remainingMs = maxWaitMs - waitedMs;
		if (remainingMs <= 0) break;
		const sleepMs = Math.min(retryIntervalMs, remainingMs);
		await new Promise((resolve) => setTimeout(resolve, sleepMs));
		waitedMs += sleepMs;
	}
	return result;
}
async function waitForSubagentRunOutcome(runId, timeoutMs) {
	const waitMs = Math.max(0, Math.floor(timeoutMs));
	return await subagentAnnounceOutputDeps.callGateway({
		method: "agent.wait",
		params: {
			runId,
			timeoutMs: waitMs
		},
		timeoutMs: waitMs + 2e3
	});
}
function applySubagentWaitOutcome(params) {
	const next = {
		outcome: params.outcome,
		startedAt: params.startedAt,
		endedAt: params.endedAt
	};
	const waitError = typeof params.wait?.error === "string" ? params.wait.error : void 0;
	if (params.wait?.status === "timeout") next.outcome = { status: "timeout" };
	else if (params.wait?.status === "error") next.outcome = {
		status: "error",
		error: waitError
	};
	else if (params.wait?.status === "ok") next.outcome = { status: "ok" };
	if (typeof params.wait?.startedAt === "number" && !next.startedAt) next.startedAt = params.wait.startedAt;
	if (typeof params.wait?.endedAt === "number" && !next.endedAt) next.endedAt = params.wait.endedAt;
	return next;
}
async function captureSubagentCompletionReply(sessionKey) {
--
	});
	let wakeRunId = "";
	try {
		const wakeResponse = await runAnnounceDeliveryWithRetry({
			operation: "descendant wake agent call",
			signal: params.signal,
			run: async () => await subagentAnnounceDeps.callGateway({
				method: "agent",
				params: {
					sessionKey: params.childSessionKey,
					message: wakeMessage,
					deliver: false,
					inputProvenance: {
						kind: "inter_session",
						sourceSessionKey: params.childSessionKey,
						sourceChannel: INTERNAL_MESSAGE_CHANNEL,
						sourceTool: "subagent_announce"
					},
					idempotencyKey: buildAnnounceIdempotencyKey(`${params.announceId}:wake`)
				},
				timeoutMs: announceTimeoutMs
			})
		});
		wakeRunId = typeof wakeResponse?.runId === "string" ? wakeResponse.runId.trim() : "";
	} catch {
		return false;
	}
	if (!wakeRunId) return false;
	const { replaceSubagentRunAfterSteer } = await loadSubagentRegistryRuntime();
	return replaceSubagentRunAfterSteer({
		previousRunId: params.runId,
		nextRunId: wakeRunId,
		preserveFrozenResultFallback: true
	});
}
async function runSubagentAnnounceFlow(params) {
	let didAnnounce = false;
	const expectsCompletionMessage = params.expectsCompletionMessage === true;
	const announceType = params.announceType ?? "subagent task";
	let shouldDeleteChildSession = params.cleanup === "delete";
	try {
		let targetRequesterSessionKey = params.requesterSessionKey;
		let targetRequesterOrigin = normalizeDeliveryContext(params.requesterOrigin);
		const childSessionId = (() => {
			const entry = loadSessionEntryByKey(params.childSessionKey);
			return typeof entry?.sessionId === "string" && entry.sessionId.trim() ? entry.sessionId.trim() : void 0;
		})();
		const settleTimeoutMs = Math.min(Math.max(params.timeoutMs, 1), 12e4);
		let reply = params.roundOneReply;
		let outcome = params.outcome;
		if (childSessionId && isEmbeddedPiRunActive(childSessionId)) {
			if (!await waitForEmbeddedPiRunEnd(childSessionId, settleTimeoutMs) && isEmbeddedPiRunActive(childSessionId)) {
				shouldDeleteChildSession = false;
				return false;
			}
		}
		if (!reply && params.waitForCompletion !== false) {
			const applied = applySubagentWaitOutcome({
				wait: await waitForSubagentRunOutcome(params.childRunId, settleTimeoutMs),
				outcome,
				startedAt: params.startedAt,
				endedAt: params.endedAt
			});
			outcome = applied.outcome;
			params.startedAt = applied.startedAt;
			params.endedAt = applied.endedAt;
		}
		if (!outcome) outcome = { status: "unknown" };
--
				childRunId: stripWakeRunSuffixes(params.childRunId)
			});
			if (await wakeSubagentRunAfterDescendants({
				runId: params.childRunId,
				childSessionKey: params.childSessionKey,
				taskLabel: params.label || params.task || "task",
				findings: childCompletionFindings,
				announceId: wakeAnnounceId,
				signal: params.signal
			})) {
				shouldDeleteChildSession = false;
				return true;
			}
		}
		if (!childCompletionFindings) {
			const fallbackReply = params.fallbackReply?.trim() ? params.fallbackReply.trim() : void 0;
			const fallbackIsSilent = Boolean(fallbackReply) && (isAnnounceSkip(fallbackReply) || isSilentReplyText(fallbackReply, "NO_REPLY"));
			if (!reply) reply = await readSubagentOutput(params.childSessionKey, outcome);
			if (!reply?.trim()) reply = await readLatestSubagentOutputWithRetry({
				sessionKey: params.childSessionKey,
				maxWaitMs: params.timeoutMs,
				outcome
			});
			if (!reply?.trim() && fallbackReply && !fallbackIsSilent) reply = fallbackReply;
			if (outcome?.status === "timeout" && reply?.trim() && params.waitForCompletion !== false) try {
				const applied = applySubagentWaitOutcome({
					wait: await waitForSubagentRunOutcome(params.childRunId, 0),
					outcome,
					startedAt: params.startedAt,
					endedAt: params.endedAt
				});
				outcome = applied.outcome;
				params.startedAt = applied.startedAt;
				params.endedAt = applied.endedAt;
			} catch {}
			if (isAnnounceSkip(reply) || isSilentReplyText(reply, "NO_REPLY")) if (fallbackReply && !fallbackIsSilent) reply = fallbackReply;
			else return true;
		}
		if (!outcome) outcome = { status: "unknown" };
		const statusLabel = outcome.status === "ok" ? "completed successfully" : outcome.status === "timeout" ? "timed out" : outcome.status === "error" ? `failed: ${outcome.error || "unknown error"}` : "finished with unknown status";
		const taskLabel = params.label || params.task || "task";
--
			sourceTool: "subagent_announce",
			targetRequesterSessionKey,
			requesterIsSubagent,
			expectsCompletionMessage,
			bestEffortDeliver: params.bestEffortDeliver,
			directIdempotencyKey,
			signal: params.signal
		});
		didAnnounce = delivery.delivered;
		if (!delivery.delivered && delivery.path === "direct" && delivery.error) defaultRuntime.error?.(`Subagent completion direct announce failed for run ${params.childRunId}: ${delivery.error}`);
	} catch (err) {
		defaultRuntime.error?.(`Subagent announce failed: ${String(err)}`);
	} finally {
		if (params.label) try {
			await subagentAnnounceDeps.callGateway({
				method: "sessions.patch",
				params: {
					key: params.childSessionKey,
					label: params.label
				},
				timeoutMs: 1e4
			});
		} catch {}
		if (shouldDeleteChildSession) try {
			await subagentAnnounceDeps.callGateway({
				method: "sessions.delete",
				params: {
					key: params.childSessionKey,
					deleteTranscript: true,
					emitLifecycleHooks: params.spawnMode === "session"
				},
				timeoutMs: 1e4
			});
		} catch {}
	}
	return didAnnounce;
}
//#endregion
//#region src/agents/subagent-registry-completion.ts
function runOutcomesEqual(a, b) {
	if (!a && !b) return true;
	if (!a || !b) return false;
	if (a.status !== b.status) return false;
	if (a.status === "error" && b.status === "error") return (a.error ?? "") === (b.error ?? "");
	return true;
}
function resolveLifecycleOutcomeFromRunOutcome(outcome) {
	if (outcome?.status === "error") return SUBAGENT_ENDED_OUTCOME_ERROR;
	if (outcome?.status === "timeout") return SUBAGENT_ENDED_OUTCOME_TIMEOUT;
	return "ok";
}
async function emitSubagentEndedHookOnce(params) {
--
	};
	const startSubagentAnnounceCleanupFlow = (runId, entry) => {
		if (!beginSubagentCleanup(runId)) return false;
		const requesterOrigin = normalizeDeliveryContext(entry.requesterOrigin);
		const finalizeAnnounceCleanup = (didAnnounce) => {
			finalizeSubagentCleanup(runId, entry.cleanup, didAnnounce).catch((err) => {
				defaultRuntime.log(`[warn] subagent cleanup finalize failed (${runId}): ${String(err)}`);
				const current = params.runs.get(runId);
				if (!current || current.cleanupCompletedAt) return;
				current.cleanupHandled = false;
				params.persist();
			});
		};
		params.runSubagentAnnounceFlow({
			childSessionKey: entry.childSessionKey,
			childRunId: entry.runId,
			requesterSessionKey: entry.requesterSessionKey,
			requesterOrigin,
			requesterDisplayKey: entry.requesterDisplayKey,
			task: entry.task,
			timeoutMs: params.subagentAnnounceTimeoutMs,
			cleanup: entry.cleanup,
			roundOneReply: entry.frozenResultText ?? void 0,
			fallbackReply: entry.fallbackFrozenResultText ?? void 0,
			waitForCompletion: false,
			startedAt: entry.startedAt,
			endedAt: entry.endedAt,
			label: entry.label,
			outcome: entry.outcome,
			spawnMode: entry.spawnMode,
			expectsCompletionMessage: entry.expectsCompletionMessage,
			wakeOnDescendantSettle: entry.wakeOnDescendantSettle === true
		}).then((didAnnounce) => {
			finalizeAnnounceCleanup(didAnnounce);
		}).catch((error) => {
			defaultRuntime.log(`[warn] Subagent announce flow failed during cleanup for run ${runId}: ${String(error)}`);
			finalizeAnnounceCleanup(false);
		});
		return true;
	};
	const completeSubagentRun = async (completeParams) => {
--
		if (!completeParams.triggerCleanup || suppressedForSteerRestart) return;
		startSubagentAnnounceCleanupFlow(completeParams.runId, entry);
	};
	return {
		completeCleanupBookkeeping,
		completeSubagentRun,
		finalizeResumedAnnounceGiveUp,
		refreshFrozenResultFromSession,
		startSubagentAnnounceCleanupFlow
	};
}
//#endregion
//#region src/agents/subagent-registry-run-manager.ts
const log$9 = createSubsystemLogger("agents/subagent-registry");
function shouldDeleteAttachments(entry) {
	return entry.cleanup === "delete" || !entry.retainAttachmentsOnKeep;
}
function createSubagentRunManager(params) {
	const waitForSubagentCompletion = async (runId, waitTimeoutMs) => {
		try {
			const timeoutMs = Math.max(1, Math.floor(waitTimeoutMs));
			const wait = await params.callGateway({
				method: "agent.wait",
				params: {
					runId,
					timeoutMs
				},
				timeoutMs: timeoutMs + 1e4
			});
			if (wait?.status !== "ok" && wait?.status !== "error" && wait?.status !== "timeout") return;
			const entry = params.runs.get(runId);
			if (!entry) return;
			let mutated = false;
			if (typeof wait.startedAt === "number") {
				entry.startedAt = wait.startedAt;
				if (typeof entry.sessionStartedAt !== "number") entry.sessionStartedAt = wait.startedAt;
				mutated = true;
			}
			if (typeof wait.endedAt === "number") {
				entry.endedAt = wait.endedAt;
				mutated = true;
			}
			if (!entry.endedAt) {
				entry.endedAt = Date.now();
				mutated = true;
			}
			const waitError = typeof wait.error === "string" ? wait.error : void 0;
			const outcome = wait.status === "error" ? {
--
	let mutated = false;
	for (const [runId, entry] of subagentRuns.entries()) {
		if (!entry.archiveAtMs || entry.archiveAtMs > now) continue;
		clearPendingLifecycleError(runId);
		notifyContextEngineSubagentEnded({
			childSessionKey: entry.childSessionKey,
			reason: "swept",
			workspaceDir: entry.workspaceDir
		});
		subagentRuns.delete(runId);
		mutated = true;
		await safeRemoveAttachmentsDir(entry);
		try {
			await subagentRegistryDeps.callGateway({
				method: "sessions.delete",
				params: {
					key: entry.childSessionKey,
					deleteTranscript: true,
					emitLifecycleHooks: false
				},
				timeoutMs: 1e4
			});
		} catch {}
	}
	if (mutated) persistSubagentRuns();
	if (subagentRuns.size === 0) stopSweeper();
}
function ensureListener$1() {
	if (listenerStarted$1) return;
	listenerStarted$1 = true;
	subagentRegistryDeps.onAgentEvent((evt) => {
		(async () => {
			if (!evt || evt.stream !== "lifecycle") return;
			const phase = evt.data?.phase;
			const entry = subagentRuns.get(evt.runId);
			if (!entry) {
				if (phase === "end" && typeof evt.sessionKey === "string") await refreshFrozenResultFromSession(evt.sessionKey);
				return;
			}
			if (phase === "start") {
				clearPendingLifecycleError(evt.runId);
--
			sessionKey: params.entry.childSessionKey,
			error: "Steer rate limit exceeded. Wait a moment before sending another steer."
		};
		steerRateLimit.set(rateKey, now);
	}
	markSubagentRunForSteerRestart(params.entry.runId);
	const targetSession = resolveSessionEntryForKey({
		cfg: params.cfg,
		key: params.entry.childSessionKey,
		cache: /* @__PURE__ */ new Map()
	});
	const sessionId = typeof targetSession.entry?.sessionId === "string" && targetSession.entry.sessionId.trim() ? targetSession.entry.sessionId.trim() : void 0;
	if (sessionId) abortEmbeddedPiRun(sessionId);
	const cleared = clearSessionQueues([params.entry.childSessionKey, sessionId]);
	if (cleared.followupCleared > 0 || cleared.laneCleared > 0) logVerbose(`subagents control steer: cleared followups=${cleared.followupCleared} lane=${cleared.laneCleared} keys=${cleared.keys.join(",")}`);
	try {
		await subagentControlDeps.callGateway({
			method: "agent.wait",
			params: {
				runId: params.entry.runId,
				timeoutMs: STEER_ABORT_SETTLE_TIMEOUT_MS
			},
			timeoutMs: STEER_ABORT_SETTLE_TIMEOUT_MS + 2e3
		});
	} catch {}
	const idempotencyKey = crypto.randomUUID();
	let runId = idempotencyKey;
	try {
		const response = await subagentControlDeps.callGateway({
			method: "agent",
			params: {
				message: params.message,
				sessionKey: params.entry.childSessionKey,
				sessionId,
				idempotencyKey,
				deliver: false,
				channel: INTERNAL_MESSAGE_CHANNEL,
				lane: AGENT_LANE_SUBAGENT,
				timeout: 0
			},
			timeoutMs: 1e4
		});
		if (typeof response?.runId === "string" && response.runId) runId = response.runId;
	} catch (err) {
		clearSubagentRunSteerRestart(params.entry.runId);
		const error = err instanceof Error ? err.message : String(err);
		return {
			status: "error",
			runId,
			sessionKey: params.entry.childSessionKey,
			sessionId,
			error
		};
	}
	if (!replaceSubagentRunAfterSteer({
		previousRunId: params.entry.runId,
		nextRunId: runId,
		fallback: params.entry,
		runTimeoutSeconds: params.entry.runTimeoutSeconds ?? 0
	})) {
		clearSubagentRunSteerRestart(params.entry.runId);
--
		const historyBefore = await subagentControlDeps.callGateway({
			method: "chat.history",
			params: {
				sessionKey: targetSessionKey,
				limit: SUBAGENT_REPLY_HISTORY_LIMIT
			}
		});
		const baselineReply = resolveLatestAssistantReplySnapshot$1(stripToolMessages(Array.isArray(historyBefore?.messages) ? historyBefore.messages : []));
		const response = await subagentControlDeps.callGateway({
			method: "agent",
			params: {
				message: params.message,
				sessionKey: targetSessionKey,
				sessionId: targetSessionId,
				idempotencyKey,
				deliver: false,
				channel: INTERNAL_MESSAGE_CHANNEL,
				lane: AGENT_LANE_SUBAGENT,
				timeout: 0
			},
			timeoutMs: 1e4
		});
		const responseRunId = typeof response?.runId === "string" ? response.runId : void 0;
		if (responseRunId) runId = responseRunId;
		const waitMs = 3e4;
		const wait = await subagentControlDeps.callGateway({
			method: "agent.wait",
			params: {
				runId,
				timeoutMs: waitMs
			},
			timeoutMs: waitMs + 2e3
		});
		if (wait?.status === "timeout") return {
			status: "timeout",
			runId
		};
		if (wait?.status === "error") {
			const waitError = typeof wait.error === "string" ? wait.error : "unknown error";
			return {
				status: "error",
				runId,
				error: waitError
			};
		}
		const history = await subagentControlDeps.callGateway({
			method: "chat.history",
			params: {
				sessionKey: targetSessionKey,
				limit: SUBAGENT_REPLY_HISTORY_LIMIT
			}
		});
--
					resolved.entry = nextEntry;
					changedModel = true;
				}
			}
			const agentDir = resolveAgentDir(cfg, agentId);
			const runtimeModelIdentity = resolveSessionModelIdentityRef(cfg, resolved.entry, agentId, `${configured.provider}/${configured.model}`);
			const hasExplicitModelOverride = Boolean(resolved.entry.providerOverride?.trim() || resolved.entry.modelOverride?.trim());
			const runtimeProviderForCard = runtimeModelIdentity.provider?.trim();
			const runtimeModelForCard = runtimeModelIdentity.model.trim();
			const defaultProviderForCard = hasExplicitModelOverride ? configured.provider : runtimeProviderForCard ?? "";
			const defaultModelForCard = hasExplicitModelOverride ? configured.model : runtimeModelForCard || configured.model;
			const statusSessionEntry = !hasExplicitModelOverride && !runtimeProviderForCard && runtimeModelForCard ? {
				...resolved.entry,
				providerOverride: ""
			} : resolved.entry;
			const providerForCard = statusSessionEntry.providerOverride?.trim() ?? defaultProviderForCard;
			const usageProvider = resolveUsageProviderId(providerForCard);
			let usageLine;
			if (usageProvider) try {
				const snapshot = (await loadProviderUsageSummary({
					timeoutMs: 3500,
					providers: [usageProvider],
					agentDir
				})).providers.find((entry) => entry.provider === usageProvider);
				if (snapshot) {
					const formatted = formatUsageWindowSummary(snapshot, {
						now: Date.now(),
						maxWindows: 2,
						includeResets: true
					});
					if (formatted && !formatted.startsWith("error:")) usageLine = `📊 Usage: ${formatted}`;
				}
			} catch {}
			const groupActivation = resolved.entry.chatType === "group" || resolved.entry.chatType === "channel" || resolved.key.includes(":group:") || resolved.key.includes(":channel:") ? normalizeGroupActivation(resolved.entry.groupActivation) ?? "mention" : void 0;
			const queueSettings = resolveQueueSettings({
				cfg,
				channel: resolved.entry.channel ?? resolved.entry.lastChannel ?? resolved.entry.origin?.provider ?? "unknown",
				sessionEntry: resolved.entry
			});
			const queueKey = resolved.key ?? resolved.entry.sessionId;
			const queueDepth = queueKey ? getFollowupQueueDepth(queueKey) : 0;
--
			accountId
		};
	} catch {}
	return fallback;
}
//#endregion
//#region src/agents/tools/sessions-send-tool.a2a.ts
const log$6 = createSubsystemLogger("agents/sessions-send");
let sessionsSendA2ADeps = { callGateway };
async function runSessionsSendA2AFlow(params) {
	const runContextId = params.waitRunId ?? "unknown";
	try {
		let primaryReply = params.roundOneReply;
		let latestReply = params.roundOneReply;
		if (!primaryReply && params.waitRunId) {
			const waitMs = Math.min(params.announceTimeoutMs, 6e4);
			if ((await sessionsSendA2ADeps.callGateway({
				method: "agent.wait",
				params: {
					runId: params.waitRunId,
					timeoutMs: waitMs
				},
				timeoutMs: waitMs + 2e3
			}))?.status === "ok") {
				primaryReply = await readLatestAssistantReply({ sessionKey: params.targetSessionKey });
				latestReply = primaryReply;
			}
		}
		if (!latestReply) return;
		const announceTarget = await resolveAnnounceTarget({
			sessionKey: params.targetSessionKey,
			displayKey: params.displayKey
		});
		const targetChannel = announceTarget?.channel ?? "unknown";
		if (params.maxPingPongTurns > 0 && params.requesterSessionKey && params.requesterSessionKey !== params.targetSessionKey) {
			let currentSessionKey = params.requesterSessionKey;
			let nextSessionKey = params.targetSessionKey;
			let incomingMessage = latestReply;
			for (let turn = 1; turn <= params.maxPingPongTurns; turn += 1) {
				const currentRole = currentSessionKey === params.requesterSessionKey ? "requester" : "target";
				const replyPrompt = buildAgentToAgentReplyContext({
					requesterSessionKey: params.requesterSessionKey,
					requesterChannel: params.requesterChannel,
					targetSessionKey: params.displayKey,
					targetChannel,
					currentRole,
					turn,
					maxTurns: params.maxPingPongTurns
				});
				const replyText = await runAgentStep({
					sessionKey: currentSessionKey,
					message: incomingMessage,
					extraSystemPrompt: replyPrompt,
					timeoutMs: params.announceTimeoutMs,
					lane: AGENT_LANE_NESTED,
					sourceSessionKey: nextSessionKey,
					sourceChannel: nextSessionKey === params.requesterSessionKey ? params.requesterChannel : targetChannel,
					sourceTool: "sessions_send"
				});
				if (!replyText || isReplySkip(replyText)) break;
				latestReply = replyText;
				incomingMessage = replyText;
				const swap = currentSessionKey;
				currentSessionKey = nextSessionKey;
				nextSessionKey = swap;
			}
		}
		const announcePrompt = buildAgentToAgentAnnounceContext({
			requesterSessionKey: params.requesterSessionKey,
			requesterChannel: params.requesterChannel,
			targetSessionKey: params.displayKey,
			targetChannel,
			originalMessage: params.message,
			roundOneReply: primaryReply,
			latestReply
		});
		const announceReply = await runAgentStep({
			sessionKey: params.targetSessionKey,
			message: "Agent-to-agent announce step.",
			extraSystemPrompt: announcePrompt,
			timeoutMs: params.announceTimeoutMs,
			lane: AGENT_LANE_NESTED,
			sourceSessionKey: params.requesterSessionKey,
			sourceChannel: params.requesterChannel,
			sourceTool: "sessions_send"
		});
		if (announceTarget && announceReply && announceReply.trim() && !isAnnounceSkip(announceReply)) try {
			await sessionsSendA2ADeps.callGateway({
				method: "send",
				params: {
					to: announceTarget.to,
					message: announceReply.trim(),
					channel: announceTarget.channel,
					accountId: announceTarget.accountId,
					idempotencyKey: crypto.randomUUID()
				},
				timeoutMs: 1e4
			});
		} catch (err) {
			log$6.warn("sessions_send announce delivery failed", {
				runId: runContextId,
				channel: announceTarget.channel,
				to: announceTarget.to,
				error: formatErrorMessage(err)
			});
		}
	} catch (err) {
		log$6.warn("sessions_send announce flow failed", {
			runId: runContextId,
			error: formatErrorMessage(err)
		});
	}
}
//#endregion
//#region src/agents/tools/sessions-send-tool.ts
const SessionsSendToolSchema = Type.Object({
	sessionKey: Type.Optional(Type.String()),
--
		const text = extractAssistantText(message);
		if (!text) continue;
		let fingerprint;
		try {
			fingerprint = JSON.stringify(message);
		} catch {
			fingerprint = text;
		}
		return {
			text,
			fingerprint
		};
	}
	return {};
}
async function startAgentRun(params) {
	try {
		const response = await params.callGateway({
			method: "agent",
			params: params.sendParams,
			timeoutMs: 1e4
		});
		return {
			ok: true,
			runId: typeof response?.runId === "string" && response.runId ? response.runId : params.runId
		};
	} catch (err) {
		const messageText = err instanceof Error ? err.message : typeof err === "string" ? err : "error";
		return {
			ok: false,
			result: jsonResult({
				runId: params.runId,
				status: "error",
				error: messageText,
				sessionKey: params.sessionKey
			})
		};
	}
}
function createSessionsSendTool(opts) {
	return {
--
						runId: crypto.randomUUID(),
						status: "forbidden",
						error: "Agent-to-agent messaging is disabled. Set tools.agentToAgent.enabled=true to allow cross-agent sends."
					});
					if (!a2aPolicy.isAllowed(requesterAgentId, requestedAgentId)) return jsonResult({
						runId: crypto.randomUUID(),
						status: "forbidden",
						error: "Agent-to-agent messaging denied by tools.agentToAgent.allow."
					});
				}
				const resolveParams = {
					label: labelParam,
					...requestedAgentId ? { agentId: requestedAgentId } : {},
					...restrictToSpawned ? { spawnedBy: effectiveRequesterKey } : {}
				};
				let resolvedKey = "";
				try {
					const resolved = await gatewayCall({
						method: "sessions.resolve",
						params: resolveParams,
						timeoutMs: 1e4
					});
					resolvedKey = typeof resolved?.key === "string" ? resolved.key.trim() : "";
				} catch (err) {
					const msg = err instanceof Error ? err.message : String(err);
					if (restrictToSpawned) return jsonResult({
						runId: crypto.randomUUID(),
						status: "forbidden",
						error: "Session not visible from this sandboxed agent session."
					});
					return jsonResult({
						runId: crypto.randomUUID(),
						status: "error",
						error: msg || `No session found with label: ${labelParam}`
					});
				}
				if (!resolvedKey) {
					if (restrictToSpawned) return jsonResult({
						runId: crypto.randomUUID(),
						status: "forbidden",
						error: "Session not visible from this sandboxed agent session."
--
			if (!resolvedSession.ok) return jsonResult({
				runId: crypto.randomUUID(),
				status: resolvedSession.status,
				error: resolvedSession.error
			});
			const visibleSession = await resolveVisibleSessionReference({
				resolvedSession,
				requesterSessionKey: effectiveRequesterKey,
				restrictToSpawned,
				visibilitySessionKey: sessionKey
			});
			if (!visibleSession.ok) return jsonResult({
				runId: crypto.randomUUID(),
				status: visibleSession.status,
				error: visibleSession.error,
				sessionKey: visibleSession.displayKey
			});
			const resolvedKey = visibleSession.key;
			const displayKey = visibleSession.displayKey;
			const timeoutSeconds = typeof params.timeoutSeconds === "number" && Number.isFinite(params.timeoutSeconds) ? Math.max(0, Math.floor(params.timeoutSeconds)) : 30;
			const timeoutMs = timeoutSeconds * 1e3;
			const announceTimeoutMs = timeoutSeconds === 0 ? 3e4 : timeoutMs;
			const idempotencyKey = crypto.randomUUID();
			let runId = idempotencyKey;
			const access = (await createSessionVisibilityGuard({
				action: "send",
				requesterSessionKey: effectiveRequesterKey,
				visibility: sessionVisibility,
				a2aPolicy
			})).check(resolvedKey);
			if (!access.allowed) return jsonResult({
				runId: crypto.randomUUID(),
				status: access.status,
				error: access.error,
				sessionKey: displayKey
			});
			const sendParams = {
				message,
				sessionKey: resolvedKey,
				idempotencyKey,
				deliver: false,
				channel: INTERNAL_MESSAGE_CHANNEL,
--
				sendParams,
				sessionKey: displayKey
			});
			if (!start.ok) return start.result;
			runId = start.runId;
			const historyBefore = await gatewayCall({
				method: "chat.history",
				params: {
					sessionKey: resolvedKey,
					limit: SESSIONS_SEND_REPLY_HISTORY_LIMIT
				}
			});
			const baselineReply = resolveLatestAssistantReplySnapshot(stripToolMessages(Array.isArray(historyBefore?.messages) ? historyBefore.messages : []));
			let waitStatus;
			let waitError;
			try {
				const wait = await gatewayCall({
					method: "agent.wait",
					params: {
						runId,
						timeoutMs
					},
					timeoutMs: timeoutMs + 2e3
				});
				waitStatus = typeof wait?.status === "string" ? wait.status : void 0;
				waitError = typeof wait?.error === "string" ? wait.error : void 0;
			} catch (err) {
				const messageText = err instanceof Error ? err.message : typeof err === "string" ? err : "error";
				return jsonResult({
					runId,
					status: messageText.includes("gateway timeout") ? "timeout" : "error",
					error: messageText,
					sessionKey: displayKey
				});
			}
			if (waitStatus === "timeout") return jsonResult({
				runId,
				status: "timeout",
				error: waitError,
				sessionKey: displayKey
			});
			if (waitStatus === "error") return jsonResult({
				runId,
--
		reason: "spawn-failed",
		allowBackendUnavailable: true,
		requireAcpSession: false
	}).catch((err) => {
		logVerbose(`acp-spawn: manager cleanup close failed for ${params.sessionKey}: ${String(err)}`);
	});
	await getSessionBindingService().unbind({
		targetSessionKey: params.sessionKey,
		reason: "spawn-failed"
	}).catch((err) => {
		logVerbose(`acp-spawn: binding cleanup unbind failed for ${params.sessionKey}: ${String(err)}`);
	});
	if (!params.shouldDeleteSession) return;
	await callGateway({
		method: "sessions.delete",
		params: {
			key: params.sessionKey,
			deleteTranscript: params.deleteTranscript,
			emitLifecycleHooks: false
		},
		timeoutMs: 1e4
	}).catch(() => {});
}
//#endregion
//#region src/acp/policy.ts
const ACP_DISABLED_MESSAGE = "ACP is disabled by policy (`acp.enabled=false`).";
const ACP_DISPATCH_DISABLED_MESSAGE = "ACP dispatch is disabled by policy (`acp.dispatch.enabled=false`).";
function isAcpEnabledByPolicy(cfg) {
	return cfg.acp?.enabled !== false;
}
function resolveAcpDispatchPolicyState(cfg) {
	if (!isAcpEnabledByPolicy(cfg)) return "acp_disabled";
	if (cfg.acp?.dispatch?.enabled === false) return "dispatch_disabled";
	return "enabled";
}
function resolveAcpDispatchPolicyMessage(cfg) {
	const state = resolveAcpDispatchPolicyState(cfg);
	if (state === "acp_disabled") return ACP_DISABLED_MESSAGE;
	if (state === "dispatch_disabled") return ACP_DISPATCH_DISABLED_MESSAGE;
	return null;
}
--
			threadId: ctx.agentThreadId,
			groupId: ctx.agentGroupId
		});
		if (!prepared.ok) return {
			status: "error",
			error: prepared.error
		};
		preparedBinding = prepared.binding;
	}
	let binding = null;
	let sessionCreated = false;
	let initializedRuntime;
	try {
		await callGateway({
			method: "sessions.patch",
			params: {
				key: sessionKey,
				spawnedBy: requesterInternalKey,
				...params.label ? { label: params.label } : {}
			},
			timeoutMs: 1e4
		});
		sessionCreated = true;
		const initializedSession = await initializeAcpSpawnRuntime({
			cfg,
			sessionKey,
			targetAgentId,
			runtimeMode,
			resumeSessionId: params.resumeSessionId,
			cwd: params.cwd
		});
		initializedRuntime = initializedSession.runtimeCloseHandle;
		if (preparedBinding) ({binding} = await bindPreparedAcpThread({
			cfg,
			sessionKey,
			targetAgentId,
			label: params.label,
			preparedBinding,
			initializedRuntime: initializedSession
		}));
	} catch (err) {
--
		parentSessionKey,
		childSessionKey: sessionKey,
		agentId: targetAgentId,
		logPath: streamLogPath,
		emitStartNotice: false
	});
	try {
		const response = await callGateway({
			method: "agent",
			params: {
				message: params.task,
				sessionKey,
				channel: deliveryPlan.channel,
				to: deliveryPlan.to,
				accountId: deliveryPlan.accountId,
				threadId: deliveryPlan.threadId,
				idempotencyKey: childIdem,
				deliver: deliveryPlan.useInlineDelivery,
				label: params.label || void 0
			},
			timeoutMs: 1e4
		});
		if (typeof response?.runId === "string" && response.runId.trim()) childRunId = response.runId.trim();
	} catch (err) {
		parentRelay?.dispose();
		await cleanupFailedAcpSpawn({
			cfg,
			sessionKey,
			shouldDeleteSession: true,
			deleteTranscript: true
		});
		return {
			status: "error",
			error: summarizeError$2(err),
			childSessionKey: sessionKey
		};
	}
	if (effectiveStreamToParent && parentSessionKey) {
		if (parentRelay && childRunId !== childIdem) {
			parentRelay.dispose();
			parentRelay = startAcpSpawnParentStreamRelay({
--
	} catch (err) {
		return err instanceof Error ? err.message : typeof err === "string" ? err : "error";
	}
}
function sanitizeMountPathHint(value) {
	const trimmed = value?.trim();
	if (!trimmed) return;
	if (/[\r\n\u0000-\u001F\u007F\u0085\u2028\u2029]/.test(trimmed)) return;
	if (!/^[A-Za-z0-9._\-/:]+$/.test(trimmed)) return;
	return trimmed;
}
async function cleanupProvisionalSession(childSessionKey, options) {
	try {
		await callSubagentGateway({
			method: "sessions.delete",
			params: {
				key: childSessionKey,
				emitLifecycleHooks: options?.emitLifecycleHooks === true,
				deleteTranscript: options?.deleteTranscript === true
			},
			timeoutMs: 1e4
		});
	} catch {}
}
async function cleanupFailedSpawnBeforeAgentStart(params) {
	if (params.attachmentAbsDir) try {
		await promises.rm(params.attachmentAbsDir, {
			recursive: true,
			force: true
		});
	} catch {}
	await cleanupProvisionalSession(params.childSessionKey, {
		emitLifecycleHooks: params.emitLifecycleHooks,
		deleteTranscript: params.deleteTranscript
	});
}
function resolveSpawnMode(params) {
	if (params.requestedMode === "run" || params.requestedMode === "session") return params.requestedMode;
	return params.threadRequested ? "session" : "run";
}
function summarizeError$1(err) {
--
	const thinkingCandidateRaw = thinkingOverrideRaw || resolvedThinkingDefaultRaw;
	if (thinkingCandidateRaw) {
		const normalized = normalizeThinkLevel(thinkingCandidateRaw);
		if (!normalized) {
			const { provider, model } = splitModelRef(resolvedModel);
			return {
				status: "error",
				error: `Invalid thinking level "${thinkingCandidateRaw}". Use one of: ${formatThinkingLevels(provider, model)}.`
			};
		}
		thinkingOverride = normalized;
	}
	const patchChildSession = async (patch) => {
		try {
			await callSubagentGateway({
				method: "sessions.patch",
				params: {
					key: childSessionKey,
					...patch
				},
				timeoutMs: 1e4
			});
			return;
		} catch (err) {
			return err instanceof Error ? err.message : typeof err === "string" ? err : "error";
		}
	};
	const initialChildSessionPatch = {
		spawnDepth: childDepth,
		subagentRole: childCapabilities.role === "main" ? null : childCapabilities.role,
		subagentControlScope: childCapabilities.controlScope
	};
	if (resolvedModel) initialChildSessionPatch.model = resolvedModel;
	if (thinkingOverride !== void 0) initialChildSessionPatch.thinkingLevel = thinkingOverride === "off" ? null : thinkingOverride;
	const initialPatchError = await patchChildSession(initialChildSessionPatch);
	if (initialPatchError) return {
		status: "error",
		error: initialPatchError,
		childSessionKey
	};
	if (resolvedModel) {
		const runtimeModelPersistError = await persistInitialChildSessionRuntimeModel({
			cfg,
			childSessionKey,
			resolvedModel
		});
		if (runtimeModelPersistError) {
			try {
				await callSubagentGateway({
					method: "sessions.delete",
					params: {
						key: childSessionKey,
						emitLifecycleHooks: false
					},
					timeoutMs: 1e4
				});
			} catch {}
			return {
				status: "error",
				error: runtimeModelPersistError,
				childSessionKey
			};
		}
		modelApplied = true;
	}
	if (requestThreadBinding) {
		const bindResult = await ensureThreadBindingForSubagentSpawn({
			hookRunner,
			childSessionKey,
			agentId: targetAgentId,
			label: label || void 0,
			mode: spawnMode,
			requesterSessionKey: requesterInternalKey,
			requester: {
				channel: requesterOrigin?.channel,
				accountId: requesterOrigin?.accountId,
				to: requesterOrigin?.to,
				threadId: requesterOrigin?.threadId
			}
		});
		if (bindResult.status === "error") {
			try {
				await callSubagentGateway({
					method: "sessions.delete",
					params: {
						key: childSessionKey,
						emitLifecycleHooks: false
					},
					timeoutMs: 1e4
				});
			} catch {}
			return {
				status: "error",
				error: bindResult.error,
				childSessionKey
			};
		}
		threadBindingReady = true;
	}
	const mountPathHint = sanitizeMountPathHint(params.attachMountPath);
	let childSystemPrompt = buildSubagentSystemPrompt({
		requesterSessionKey,
		requesterOrigin,
		childSessionKey,
		label: label || void 0,
		task,
		acpEnabled: cfg.acp?.enabled !== false && !childRuntime.sandboxed,
		childDepth,
		maxSpawnDepth
--
	try {
		const { spawnedBy: _spawnedBy, workspaceDir: _workspaceDir, ...publicSpawnedMetadata } = spawnedMetadata;
		const runId = readGatewayRunId(await callSubagentGateway({
			method: "agent",
			params: {
				message: childTaskMessage,
				sessionKey: childSessionKey,
				channel: requesterOrigin?.channel,
				to: requesterOrigin?.to ?? void 0,
				accountId: requesterOrigin?.accountId ?? void 0,
				threadId: requesterOrigin?.threadId != null ? String(requesterOrigin.threadId) : void 0,
				idempotencyKey: childIdem,
				deliver: false,
				lane: AGENT_LANE_SUBAGENT,
				extraSystemPrompt: childSystemPrompt,
				thinking: thinkingOverride,
				timeout: runTimeoutSeconds,
				label: label || void 0,
				...publicSpawnedMetadata
			},
			timeoutMs: 1e4
		}));
		if (runId) childRunId = runId;
	} catch (err) {
		if (attachmentAbsDir) try {
			await promises.rm(attachmentAbsDir, {
				recursive: true,
				force: true
			});
		} catch {}
		let emitLifecycleHooks = false;
		if (threadBindingReady) {
			const hasEndedHook = hookRunner?.hasHooks("subagent_ended") === true;
			let endedHookEmitted = false;
			if (hasEndedHook) try {
				await hookRunner?.runSubagentEnded({
					targetSessionKey: childSessionKey,
					targetKind: "subagent",
					reason: "spawn-failed",
					sendFarewell: true,
					accountId: requesterOrigin?.accountId,
					runId: childRunId,
					outcome: "error",
					error: "Session failed to start"
				}, {
					runId: childRunId,
					childSessionKey,
					requesterSessionKey: requesterInternalKey
				});
				endedHookEmitted = true;
			} catch {}
			emitLifecycleHooks = !endedHookEmitted;
		}
		try {
			await callSubagentGateway({
				method: "sessions.delete",
				params: {
					key: childSessionKey,
					deleteTranscript: true,
					emitLifecycleHooks
				},
				timeoutMs: 1e4
			});
		} catch {}
		return {
			status: "error",
			error: summarizeError$1(err),
			childSessionKey,
			runId: childRunId
		};
	}
	try {
		registerSubagentRun({
			runId: childRunId,
			childSessionKey,
			controllerSessionKey: requesterInternalKey,
			requesterSessionKey: requesterInternalKey,
			requesterOrigin,
			requesterDisplayKey,
			task,
			cleanup,
			label: label || void 0,
--
			spawnMode,
			attachmentsDir: attachmentAbsDir,
			attachmentsRootDir: attachmentRootDir,
			retainAttachmentsOnKeep: retainOnSessionKeep
		});
	} catch (err) {
		if (attachmentAbsDir) try {
			await promises.rm(attachmentAbsDir, {
				recursive: true,
				force: true
			});
		} catch {}
		try {
			await callSubagentGateway({
				method: "sessions.delete",
				params: {
					key: childSessionKey,
					deleteTranscript: true,
					emitLifecycleHooks: threadBindingReady
				},
				timeoutMs: 1e4
			});
		} catch {}
		return {
			status: "error",
			error: `Failed to register subagent run: ${summarizeError$1(err)}`,
			childSessionKey,
			runId: childRunId
		};
	}
	if (hookRunner?.hasHooks("subagent_spawned")) try {
		await hookRunner.runSubagentSpawned({
			runId: childRunId,
			childSessionKey,
			agentId: targetAgentId,
			label: label || void 0,
			requester: {
				channel: requesterOrigin?.channel,
				accountId: requesterOrigin?.accountId,
				to: requesterOrigin?.to,
				threadId: requesterOrigin?.threadId
--
function summarizeError(err) {
	if (err instanceof Error) return err.message;
	if (typeof err === "string") return err;
	return "error";
}
function resolveTrackedSpawnMode(params) {
	if (params.requestedMode === "run" || params.requestedMode === "session") return params.requestedMode;
	return params.threadRequested ? "session" : "run";
}
async function cleanupUntrackedAcpSession(sessionKey) {
	const key = sessionKey.trim();
	if (!key) return;
	try {
		await callGateway({
			method: "sessions.delete",
			params: {
				key,
				deleteTranscript: true,
				emitLifecycleHooks: false
			},
			timeoutMs: 1e4
		});
	} catch {}
}
const SessionsSpawnToolSchema = Type.Object({
	task: Type.String(),
	label: Type.Optional(Type.String()),
	runtime: optionalStringEnum(SESSIONS_SPAWN_RUNTIMES),
	agentId: Type.Optional(Type.String()),
	resumeSessionId: Type.Optional(Type.String({ description: "Resume an existing agent session by its ID (e.g. a Codex session UUID from ~/.codex/sessions/). Requires runtime=\"acp\". The agent replays conversation history via session/load instead of starting fresh." })),
	model: Type.Optional(Type.String()),
	thinking: Type.Optional(Type.String()),
	cwd: Type.Optional(Type.String()),
	runTimeoutSeconds: Type.Optional(Type.Number({ minimum: 0 })),
	timeoutSeconds: Type.Optional(Type.Number({ minimum: 0 })),
	thread: Type.Optional(Type.Boolean()),
	mode: optionalStringEnum(SUBAGENT_SPAWN_MODES),
	cleanup: optionalStringEnum(["delete", "keep"]),
	sandbox: optionalStringEnum(SESSIONS_SPAWN_SANDBOX_MODES),
	streamTo: optionalStringEnum(SESSIONS_SPAWN_ACP_STREAM_TARGETS),
	attachments: Type.Optional(Type.Array(Type.Object({
--
			...args.toolCallId && { toolCallId: args.toolCallId }
		}, toolContext);
		if (hookResult?.block) return {
			blocked: true,
			reason: hookResult.blockReason || "Tool call blocked by plugin hook"
		};
		if (hookResult?.requireApproval) {
			const approval = hookResult.requireApproval;
			const safeOnResolution = (resolution) => {
				const onResolution = approval.onResolution;
				if (typeof onResolution !== "function") return;
				try {
					Promise.resolve(onResolution(resolution)).catch((err) => {
						log$4.warn(`plugin onResolution callback failed: ${String(err)}`);
					});
				} catch (err) {
					log$4.warn(`plugin onResolution callback failed: ${String(err)}`);
				}
			};
			try {
				const requestResult = await callGatewayTool("plugin.approval.request", { timeoutMs: (approval.timeoutMs ?? 12e4) + 1e4 }, {
					pluginId: approval.pluginId,
					title: approval.title,
					description: approval.description,
					severity: approval.severity,
					toolName,
					toolCallId: args.toolCallId,
					agentId: args.ctx?.agentId,
					sessionKey: args.ctx?.sessionKey,
					timeoutMs: approval.timeoutMs ?? 12e4,
					twoPhase: true
				}, { expectFinal: false });
				const id = requestResult?.id;
				if (!id) {
					safeOnResolution(PluginApprovalResolutions.CANCELLED);
					return {
						blocked: true,
						reason: approval.description || "Plugin approval request failed"
					};
				}
				const hasImmediateDecision = Object.prototype.hasOwnProperty.call(requestResult ?? {}, "decision");
				let decision;
				if (hasImmediateDecision) {
					decision = requestResult?.decision;
					if (decision === null) {
						safeOnResolution(PluginApprovalResolutions.CANCELLED);
						return {
							blocked: true,
							reason: "Plugin approval unavailable (no approval route)"
						};
					}
				} else {
					const waitPromise = callGatewayTool("plugin.approval.waitDecision", { timeoutMs: (approval.timeoutMs ?? 12e4) + 1e4 }, { id });
					let waitResult;
					if (args.signal) {
						let onAbort;
						const abortPromise = new Promise((_, reject) => {
							if (args.signal.aborted) {
								reject(args.signal.reason);
								return;
							}
							onAbort = () => reject(args.signal.reason);
							args.signal.addEventListener("abort", onAbort, { once: true });
						});
						try {
							waitResult = await Promise.race([waitPromise, abortPromise]);
						} finally {
							if (onAbort) args.signal.removeEventListener("abort", onAbort);
						}
					} else waitResult = await waitPromise;
					decision = waitResult?.decision;
				}
				safeOnResolution(decision === PluginApprovalResolutions.ALLOW_ONCE || decision === PluginApprovalResolutions.ALLOW_ALWAYS || decision === PluginApprovalResolutions.DENY ? decision : PluginApprovalResolutions.TIMEOUT);
--
			errorStack: err instanceof Error ? err.stack : void 0
		});
	}
}
//#endregion
//#region src/agents/pi-embedded-runner/compaction-safety-timeout.ts
const EMBEDDED_COMPACTION_TIMEOUT_MS = 9e5;
const MAX_SAFE_TIMEOUT_MS$2 = 2147e6;
function createAbortError(signal) {
	const reason = "reason" in signal ? signal.reason : void 0;
	if (reason instanceof Error) return reason;
	const err = reason ? new Error("aborted", { cause: reason }) : /* @__PURE__ */ new Error("aborted");
	err.name = "AbortError";
	return err;
}
function resolveCompactionTimeoutMs(cfg) {
	const raw = cfg?.agents?.defaults?.compaction?.timeoutSeconds;
	if (typeof raw === "number" && Number.isFinite(raw) && raw > 0) return Math.min(Math.floor(raw) * 1e3, MAX_SAFE_TIMEOUT_MS$2);
	return EMBEDDED_COMPACTION_TIMEOUT_MS;
}
async function compactWithSafetyTimeout(compact, timeoutMs = EMBEDDED_COMPACTION_TIMEOUT_MS, opts) {
	let canceled = false;
	const cancel = () => {
		if (canceled) return;
		canceled = true;
		try {
			opts?.onCancel?.();
		} catch {}
	};
	return await withTimeout(async (timeoutSignal) => {
		let timeoutListener;
		let externalAbortListener;
		let externalAbortPromise;
		const abortSignal = opts?.abortSignal;
		if (timeoutSignal) {
			timeoutListener = () => {
				cancel();
			};
			timeoutSignal.addEventListener("abort", timeoutListener, { once: true });
		}
		if (abortSignal) {
			if (abortSignal.aborted) {
				cancel();
				throw createAbortError(abortSignal);
			}
			externalAbortPromise = new Promise((_, reject) => {
				externalAbortListener = () => {
					cancel();
					reject(createAbortError(abortSignal));
				};
				abortSignal.addEventListener("abort", externalAbortListener, { once: true });
			});
		}
		try {
			if (externalAbortPromise) return await Promise.race([compact(), externalAbortPromise]);
			return await compact();
		} finally {
			if (timeoutListener) timeoutSignal?.removeEventListener("abort", timeoutListener);
			if (externalAbortListener) abortSignal?.removeEventListener("abort", externalAbortListener);
		}
	}, timeoutMs, "Compaction");
}
//#endregion
//#region src/agents/pi-embedded-runner/context-engine-maintenance.ts
/**
* Attach runtime-owned transcript rewrite helpers to an existing
* context-engine runtime context payload.
*/
function buildContextEngineMaintenanceRuntimeContext(params) {
	return {
		...params.runtimeContext,
		rewriteTranscriptEntries: async (request) => {
			if (params.sessionManager) return rewriteTranscriptEntriesInSessionManager({
				sessionManager: params.sessionManager,
				replacements: request.replacements
			});
			return await rewriteTranscriptEntriesInSessionFile({
				sessionFile: params.sessionFile,
				sessionId: params.sessionId,
				sessionKey: params.sessionKey,
				request
--
				const paramsRecord = coerceParamsRecord(adjustedParams);
				if (onClientToolCall) onClientToolCall(func.name, paramsRecord);
				return jsonResult({
					status: "pending",
					tool: func.name,
					message: "Tool execution delegated to client"
				});
			}
		};
	});
}
//#endregion
//#region src/agents/pi-embedded-runner/tool-split.ts
function splitSdkTools(options) {
	const { tools } = options;
	return {
		builtInTools: [],
		customTools: toToolDefinitions(tools)
	};
}
async function waitForAgentIdleBestEffort(agent, timeoutMs) {
	const waitForIdle = agent?.waitForIdle;
	if (typeof waitForIdle !== "function") return false;
	const idleResolved = Symbol("idle");
	const idleTimedOut = Symbol("timeout");
	let timeoutHandle;
	try {
		return await Promise.race([waitForIdle.call(agent).then(() => idleResolved), new Promise((resolve) => {
			timeoutHandle = setTimeout(() => resolve(idleTimedOut), timeoutMs);
			timeoutHandle.unref?.();
		})]) === idleTimedOut;
	} catch {
		return false;
	} finally {
		if (timeoutHandle) clearTimeout(timeoutHandle);
	}
}
async function flushPendingToolResultsAfterIdle(opts) {
	if (await waitForAgentIdleBestEffort(opts.agent, opts.timeoutMs ?? 3e4) && opts.clearPendingOnTimeout && opts.sessionManager?.clearPendingToolResults) {
		opts.sessionManager.clearPendingToolResults();
		return;
	}
	opts.sessionManager?.flushPendingToolResults?.();
}
//#endregion
//#region src/agents/pi-embedded-runner/compact.ts
function hasRealConversationContent(msg, messages, index) {
	return isRealConversationMessage(msg, messages, index);
}
function createCompactionDiagId$1() {
	return `cmp-${Date.now().toString(36)}-${generateSecureToken(4)}`;
}
function normalizeObservedTokenCount(value) {
	return typeof value === "number" && Number.isFinite(value) && value > 0 ? Math.floor(value) : void 0;
}
function getMessageTextChars(msg) {
	const content = msg.content;
	if (typeof content === "string") return content.length;
	if (!Array.isArray(content)) return 0;
--
			skillsPrompt,
			docsPath: docsPath ?? void 0,
			ttsHint,
			promptMode,
			acpEnabled: params.config?.acp?.enabled !== false,
			runtimeInfo,
			reactionGuidance,
			messageToolHints,
			sandboxInfo,
			tools: effectiveTools,
			modelAliasLines: buildModelAliasLines(params.config),
			userTimezone,
			userTime,
			userTimeFormat,
			contextFiles,
			memoryCitationsMode: params.config?.memory?.citations
		}));
		const compactionTimeoutMs = resolveCompactionTimeoutMs(params.config);
		const sessionLock = await acquireSessionWriteLock({
			sessionFile: params.sessionFile,
			maxHoldMs: resolveSessionLockMaxHoldFromTimeout({ timeoutMs: compactionTimeoutMs })
		});
		try {
			await repairSessionFileIfNeeded({
				sessionFile: params.sessionFile,
				warn: (message) => log$13.warn(message)
			});
			await prewarmSessionFile(params.sessionFile);
			const transcriptPolicy = resolveTranscriptPolicy({
				modelApi: model.api,
				provider,
				modelId
			});
			const sessionManager = guardSessionManager(SessionManager.open(params.sessionFile), {
				agentId: sessionAgentId,
				sessionKey: params.sessionKey,
				allowSyntheticToolResults: transcriptPolicy.allowSyntheticToolResults,
				allowedToolNames
			});
			compactionSessionManager = sessionManager;
			trackSessionManagerAccess(params.sessionFile);
--
		model,
		authProfileId: request.authProfileId?.trim() || void 0,
		authProfileIdSource: request.authProfileId?.trim() ? request.authProfileIdSource : void 0
	});
	diag.debug(`model switch requested: sessionId=${normalizedSessionId} provider=${provider} model=${model}`);
	return true;
}
function consumeEmbeddedRunModelSwitch(sessionId) {
	const normalizedSessionId = sessionId.trim();
	if (!normalizedSessionId) return;
	const request = EMBEDDED_RUN_MODEL_SWITCH_REQUESTS.get(normalizedSessionId);
	if (request) EMBEDDED_RUN_MODEL_SWITCH_REQUESTS.delete(normalizedSessionId);
	return request;
}
/**
* Wait for active embedded runs to drain.
*
* Used during restarts so in-flight compaction runs can release session write
* locks before the next lifecycle starts.
*/
async function waitForActiveEmbeddedRuns(timeoutMs = 15e3, opts) {
	const pollMsRaw = opts?.pollMs ?? 250;
	const pollMs = Math.max(10, Math.floor(pollMsRaw));
	const maxWaitMs = Math.max(pollMs, Math.floor(timeoutMs));
	const startedAt = Date.now();
	while (true) {
		if (ACTIVE_EMBEDDED_RUNS.size === 0) return { drained: true };
		if (Date.now() - startedAt >= maxWaitMs) {
			diag.warn(`wait for active embedded runs timed out: activeRuns=${ACTIVE_EMBEDDED_RUNS.size} timeoutMs=${maxWaitMs}`);
			return { drained: false };
		}
		await new Promise((resolve) => setTimeout(resolve, pollMs));
	}
}
function waitForEmbeddedPiRunEnd(sessionId, timeoutMs = 15e3) {
	if (!sessionId || !ACTIVE_EMBEDDED_RUNS.has(sessionId)) return Promise.resolve(true);
	diag.debug(`waiting for run end: sessionId=${sessionId} timeoutMs=${timeoutMs}`);
	return new Promise((resolve) => {
		const waiters = EMBEDDED_RUN_WAITERS.get(sessionId) ?? /* @__PURE__ */ new Set();
		const waiter = {
			resolve,
			timer: setTimeout(() => {
				waiters.delete(waiter);
				if (waiters.size === 0) EMBEDDED_RUN_WAITERS.delete(sessionId);
				diag.warn(`wait timeout: sessionId=${sessionId} timeoutMs=${timeoutMs}`);
				resolve(false);
			}, Math.max(100, timeoutMs))
		};
		waiters.add(waiter);
		EMBEDDED_RUN_WAITERS.set(sessionId, waiters);
		if (!ACTIVE_EMBEDDED_RUNS.has(sessionId)) {
			waiters.delete(waiter);
			if (waiters.size === 0) EMBEDDED_RUN_WAITERS.delete(sessionId);
			clearTimeout(waiter.timer);
			resolve(true);
		}
	});
}
function notifyEmbeddedRunEnded(sessionId) {
	const waiters = EMBEDDED_RUN_WAITERS.get(sessionId);
	if (!waiters || waiters.size === 0) return;
	EMBEDDED_RUN_WAITERS.delete(sessionId);
	diag.debug(`notifying waiters: sessionId=${sessionId} waiterCount=${waiters.size}`);
	for (const waiter of waiters) {
		clearTimeout(waiter.timer);
		waiter.resolve(true);
	}
--
	});
}
//#endregion
//#region src/agents/pi-embedded-runner/run/attempt.sessions-yield.ts
const SESSIONS_YIELD_INTERRUPT_CUSTOM_TYPE = "openclaw.sessions_yield_interrupt";
const SESSIONS_YIELD_CONTEXT_CUSTOM_TYPE = "openclaw.sessions_yield";
const SESSIONS_YIELD_ABORT_SETTLE_TIMEOUT_MS = process.env.OPENCLAW_TEST_FAST === "1" ? 250 : 2e3;
function buildSessionsYieldContextMessage(message) {
	return `${message}\n\n[Context: The previous turn ended intentionally via sessions_yield while waiting for a follow-up event.]`;
}
async function waitForSessionsYieldAbortSettle(params) {
	if (!params.settlePromise) return;
	let timeout;
	const outcome = await Promise.race([params.settlePromise.then(() => "settled").catch((err) => {
		log$13.warn(`sessions_yield abort settle failed: runId=${params.runId} sessionId=${params.sessionId} err=${String(err)}`);
		return "errored";
	}), new Promise((resolve) => {
		timeout = setTimeout(() => resolve("timed_out"), SESSIONS_YIELD_ABORT_SETTLE_TIMEOUT_MS);
	})]);
	if (timeout) clearTimeout(timeout);
	if (outcome === "timed_out") log$13.warn(`sessions_yield abort settle timed out: runId=${params.runId} sessionId=${params.sessionId} timeoutMs=${SESSIONS_YIELD_ABORT_SETTLE_TIMEOUT_MS}`);
}
function createYieldAbortedResponse(model) {
	const message = {
		role: "assistant",
		content: [{
			type: "text",
			text: ""
		}],
		stopReason: "aborted",
		api: model.api ?? "",
		provider: model.provider ?? "",
		model: model.id ?? "",
		usage: {
			input: 0,
			output: 0,
			cacheRead: 0,
			cacheWrite: 0,
			totalTokens: 0,
			cost: {
				input: 0,
--
		if (sanitized.messages === messages) return baseFn(model, context, options);
		let nextMessages = sanitizeToolUseResultPairing(sanitized.messages);
		if (transcriptPolicy?.validateAnthropicTurns) nextMessages = sanitizeAnthropicReplayToolResults(nextMessages);
		if (sanitized.droppedAssistantMessages > 0 || transcriptPolicy?.validateAnthropicTurns) {
			if (transcriptPolicy?.validateGeminiTurns) nextMessages = validateGeminiTurns(nextMessages);
			if (transcriptPolicy?.validateAnthropicTurns) nextMessages = validateAnthropicTurns(nextMessages);
		}
		return baseFn(model, {
			...context,
			messages: nextMessages
		}, options);
	};
}
//#endregion
//#region src/agents/pi-embedded-runner/run/compaction-retry-aggregate-timeout.ts
/**
* Wait for compaction retry completion with an aggregate timeout to avoid
* holding a session lane indefinitely when retry resolution is lost.
*/
async function waitForCompactionRetryWithAggregateTimeout(params) {
	const timeoutMsRaw = params.aggregateTimeoutMs;
	const timeoutMs = Number.isFinite(timeoutMsRaw) ? Math.max(1, Math.floor(timeoutMsRaw)) : 1;
	let timedOut = false;
	const waitPromise = params.waitForCompactionRetry().then(() => ({ kind: "done" }), (error) => ({
		kind: "rejected",
		error
	}));
	while (true) {
		let timer;
		try {
			const result = await params.abortable(Promise.race([waitPromise, new Promise((resolve) => {
				timer = setTimeout(() => resolve("timeout"), timeoutMs);
			})]));
			if (result !== "timeout") {
				if (result.kind === "done") break;
				throw result.error;
			}
			if (params.isCompactionStillInFlight?.()) continue;
			timedOut = true;
			params.onTimeout?.();
			break;
		} finally {
			if (timer !== void 0) clearTimeout(timer);
		}
	}
	return { timedOut };
}
//#endregion
//#region src/agents/pi-embedded-runner/run/compaction-timeout.ts
function shouldFlagCompactionTimeout(signal) {
	if (!signal.isTimeout) return false;
	return signal.isCompactionPendingOrRetrying || signal.isCompactionInFlight;
--
/**
* Maximum safe timeout value (approximately 24.8 days).
*/
const MAX_SAFE_TIMEOUT_MS$1 = 2147e6;
/**
* Resolves the LLM idle timeout from configuration.
* @param cfg - OpenClaw configuration
* @returns Idle timeout in milliseconds, or 0 to disable
*/
function resolveLlmIdleTimeoutMs(cfg) {
	const raw = cfg?.agents?.defaults?.llm?.idleTimeoutSeconds;
	if (raw === 0) return 0;
	if (typeof raw === "number" && Number.isFinite(raw) && raw > 0) return Math.min(Math.floor(raw) * 1e3, MAX_SAFE_TIMEOUT_MS$1);
	return DEFAULT_LLM_IDLE_TIMEOUT_MS;
}
/**
* Wraps a stream function with idle timeout detection.
* If no token is received within the specified timeout, the request is aborted.
*
* @param baseFn - The base stream function to wrap
* @param timeoutMs - Idle timeout in milliseconds
* @param onIdleTimeout - Optional callback invoked when idle timeout triggers
* @returns A wrapped stream function with idle timeout detection
*/
function streamWithIdleTimeout(baseFn, timeoutMs, onIdleTimeout) {
	return (model, context, options) => {
		const maybeStream = baseFn(model, context, options);
		const wrapStream = (stream) => {
			const originalAsyncIterator = stream[Symbol.asyncIterator].bind(stream);
			stream[Symbol.asyncIterator] = function() {
				const iterator = originalAsyncIterator();
				let idleTimer = null;
				const createTimeoutPromise = () => {
					return new Promise((_, reject) => {
						idleTimer = setTimeout(() => {
							const error = /* @__PURE__ */ new Error(`LLM idle timeout (${Math.floor(timeoutMs / 1e3)}s): no response from model`);
							onIdleTimeout?.(error);
							reject(error);
						}, timeoutMs);
					});
				};
				const clearTimer = () => {
					if (idleTimer) {
						clearTimeout(idleTimer);
						idleTimer = null;
					}
				};
				return {
					async next() {
						clearTimer();
						try {
							const result = await Promise.race([iterator.next(), createTimeoutPromise()]);
							if (result.done) {
								clearTimer();
								return result;
							}
							clearTimer();
							return result;
						} catch (error) {
--
			}),
			sandbox: (() => {
				const runtime = resolveSandboxRuntimeStatus({
					cfg: params.config,
					sessionKey: sandboxSessionKey
				});
				return {
					mode: runtime.mode,
					sandboxed: runtime.sandboxed
				};
			})(),
			systemPrompt: appendPrompt,
			bootstrapFiles: hookAdjustedBootstrapFiles,
			injectedFiles: contextFiles,
			skillsPrompt,
			tools: effectiveTools
		});
		let systemPromptText = createSystemPromptOverride(appendPrompt)();
		const sessionLock = await acquireSessionWriteLock({
			sessionFile: params.sessionFile,
			maxHoldMs: resolveSessionLockMaxHoldFromTimeout({ timeoutMs: resolveRunTimeoutWithCompactionGraceMs({
				runTimeoutMs: params.timeoutMs,
				compactionTimeoutMs: resolveCompactionTimeoutMs(params.config)
			}) })
		});
		let sessionManager;
		let session;
		let removeToolResultContextGuard;
		try {
			await repairSessionFileIfNeeded({
				sessionFile: params.sessionFile,
				warn: (message) => log$13.warn(message)
			});
			const hadSessionFile = await fs.stat(params.sessionFile).then(() => true).catch(() => false);
			const transcriptPolicy = resolveTranscriptPolicy({
				modelApi: params.model?.api,
				provider: params.provider,
				modelId: params.modelId
			});
			await prewarmSessionFile(params.sessionFile);
			sessionManager = guardSessionManager(SessionManager.open(params.sessionFile), {
				agentId: sessionAgentId,
--
				abort: abortRun
			};
			setActiveEmbeddedRun(params.sessionId, queueHandle, params.sessionKey);
			let abortWarnTimer;
			const isProbeSession = params.sessionId?.startsWith("probe-") ?? false;
			const compactionTimeoutMs = resolveCompactionTimeoutMs(params.config);
			let abortTimer;
			let compactionGraceUsed = false;
			const scheduleAbortTimer = (delayMs, reason) => {
				abortTimer = setTimeout(() => {
					if (resolveRunTimeoutDuringCompaction({
						isCompactionPendingOrRetrying: subscription.isCompacting(),
						isCompactionInFlight: activeSession.isCompacting,
						graceAlreadyUsed: compactionGraceUsed
					}) === "extend") {
						compactionGraceUsed = true;
						if (!isProbeSession) log$13.warn(`embedded run timeout reached during compaction; extending deadline: runId=${params.runId} sessionId=${params.sessionId} extraMs=${compactionTimeoutMs}`);
						scheduleAbortTimer(compactionTimeoutMs, "compaction-grace");
						return;
					}
					if (!isProbeSession) log$13.warn(reason === "compaction-grace" ? `embedded run timeout after compaction grace: runId=${params.runId} sessionId=${params.sessionId} timeoutMs=${params.timeoutMs} compactionGraceMs=${compactionTimeoutMs}` : `embedded run timeout: runId=${params.runId} sessionId=${params.sessionId} timeoutMs=${params.timeoutMs}`);
					if (shouldFlagCompactionTimeout({
						isTimeout: true,
						isCompactionPendingOrRetrying: subscription.isCompacting(),
						isCompactionInFlight: activeSession.isCompacting
					})) timedOutDuringCompaction = true;
					abortRun(true);
					if (!abortWarnTimer) abortWarnTimer = setTimeout(() => {
						if (!activeSession.isStreaming) return;
						if (!isProbeSession) log$13.warn(`embedded run abort still streaming: runId=${params.runId} sessionId=${params.sessionId}`);
					}, 1e4);
				}, Math.max(1, delayMs));
			};
			scheduleAbortTimer(params.timeoutMs, "initial");
			let messagesSnapshot = [];
			let sessionIdUsed = activeSession.sessionId;
			const onAbort = () => {
				const reason = params.abortSignal ? getAbortReason(params.abortSignal) : void 0;
				const timeout = reason ? isTimeoutError(reason) : false;
				if (shouldFlagCompactionTimeout({
					isTimeout: timeout,
					isCompactionPendingOrRetrying: subscription.isCompacting(),
					isCompactionInFlight: activeSession.isCompacting
				})) timedOutDuringCompaction = true;
				abortRun(timeout, reason);
			};
			if (params.abortSignal) if (params.abortSignal.aborted) onAbort();
			else params.abortSignal.addEventListener("abort", onAbort, { once: true });
			const hookAgentId = sessionAgentId;
			let promptError = null;
			let promptErrorSource = null;
			const prePromptMessageCount = activeSession.messages.length;
			try {
				const promptStartedAt = Date.now();
--
					images: params.images,
					imageOrder: params.imageOrder,
					clientTools: params.clientTools,
					disableTools: params.disableTools,
					provider,
					modelId,
					model: applyLocalNoAuthHeaderOverride(effectiveModel, apiKeyInfo),
					authProfileId: lastProfileId,
					authProfileIdSource: lockedProfileId ? "user" : "auto",
					authStorage,
					modelRegistry,
					agentId: workspaceResolution.agentId,
					legacyBeforeAgentStartResult,
					thinkLevel,
					fastMode: params.fastMode,
					verboseLevel: params.verboseLevel,
					reasoningLevel: params.reasoningLevel,
					toolResultFormat: resolvedToolResultFormat,
					execOverrides: params.execOverrides,
					bashElevated: params.bashElevated,
					timeoutMs: params.timeoutMs,
					runId: params.runId,
					abortSignal: params.abortSignal,
					shouldEmitToolResult: params.shouldEmitToolResult,
					shouldEmitToolOutput: params.shouldEmitToolOutput,
					onPartialReply: params.onPartialReply,
					onAssistantMessageStart: params.onAssistantMessageStart,
					onBlockReply: params.onBlockReply,
					onBlockReplyFlush: params.onBlockReplyFlush,
					blockReplyBreak: params.blockReplyBreak,
					blockReplyChunking: params.blockReplyChunking,
					onReasoningStream: params.onReasoningStream,
					onReasoningEnd: params.onReasoningEnd,
					onToolResult: params.onToolResult,
					onAgentEvent: params.onAgentEvent,
					extraSystemPrompt: params.extraSystemPrompt,
					inputProvenance: params.inputProvenance,
					streamParams: params.streamParams,
					ownerNumbers: params.ownerNumbers,
					enforceFinalTag: params.enforceFinalTag,
					silentExpected: params.silentExpected,
